split,method,action,qid,question,recall_at_5,mrr,ndcg_at_5,rewrite_cost,retrieval_calls,rewrite_tokens,reward,queries,top_docs,gold_docs
train,Vanilla BM25,bm25_keep,5a7a567255429941d65f25bd,What was Iqbal F. Qadir on when he participated in an attack on a radar station located on western shore of the Okhamandal Peninsula?,1.0,1.0,1.0,0.0,1,24,1.5,What was Iqbal F. Qadir on when he participated in an attack on a radar station located on western shore of the Okhamandal Peninsula?,Iqbal F. Qadir | Dwarka | NATO Ouvrage &quot;G&quot; | Mukachevo Radar Station | Radar Station (film),Dwarka | Iqbal F. Qadir
train,BM25 keyword,bm25_keyword,5a7a567255429941d65f25bd,What was Iqbal F. Qadir on when he participated in an attack on a radar station located on western shore of the Okhamandal Peninsula?,1.0,1.0,1.0,0.0,1,12,1.5,iqbal f qadir participated attack radar station located western shore okhamandal peninsula,Iqbal F. Qadir | Dwarka | Mukachevo Radar Station | Sevastopol Radar Station | NATO Ouvrage &quot;G&quot;,Dwarka | Iqbal F. Qadir
train,Dense original,dense_keep,5a7a567255429941d65f25bd,What was Iqbal F. Qadir on when he participated in an attack on a radar station located on western shore of the Okhamandal Peninsula?,0.5,1.0,0.6131471927654584,0.0,1,24,1.0,What was Iqbal F. Qadir on when he participated in an attack on a radar station located on western shore of the Okhamandal Peninsula?,Iqbal F. Qadir | Mukachevo Radar Station | Radar Station B-71 | Sevastopol Radar Station | No. 227 Radar Station RAAF,Dwarka | Iqbal F. Qadir
train,Dense keyword,dense_keyword,5a7a567255429941d65f25bd,What was Iqbal F. Qadir on when he participated in an attack on a radar station located on western shore of the Okhamandal Peninsula?,0.5,1.0,0.6131471927654584,0.0,1,12,1.0,iqbal f qadir participated attack radar station located western shore okhamandal peninsula,Iqbal F. Qadir | Mukachevo Radar Station | Radar Station B-71 | Sevastopol Radar Station | No. 227 Radar Station RAAF,Dwarka | Iqbal F. Qadir
train,Hybrid original,hybrid_keep,5a7a567255429941d65f25bd,What was Iqbal F. Qadir on when he participated in an attack on a radar station located on western shore of the Okhamandal Peninsula?,1.0,1.0,0.9197207891481876,0.03,2,24,1.47,What was Iqbal F. Qadir on when he participated in an attack on a radar station located on western shore of the Okhamandal Peninsula?,Iqbal F. Qadir | Mukachevo Radar Station | Dwarka | NATO Ouvrage &quot;G&quot; | Radar Station B-71,Dwarka | Iqbal F. Qadir
train,Hybrid keyword,hybrid_keyword,5a7a567255429941d65f25bd,What was Iqbal F. Qadir on when he participated in an attack on a radar station located on western shore of the Okhamandal Peninsula?,1.0,1.0,0.9197207891481876,0.03,2,12,1.47,iqbal f qadir participated attack radar station located western shore okhamandal peninsula,Iqbal F. Qadir | Mukachevo Radar Station | Dwarka | Sevastopol Radar Station | Radar Station B-71,Dwarka | Iqbal F. Qadir
train,Gemini rewrite action,bm25_llm_rewrite,5a7a567255429941d65f25bd,What was Iqbal F. Qadir on when he participated in an attack on a radar station located on western shore of the Okhamandal Peninsula?,1.0,1.0,1.0,1.08,1,8,0.41999999999999993,Iqbal F. Qadir Okhamandal Peninsula radar station attack,Iqbal F. Qadir | Dwarka | Mukachevo Radar Station | Sevastopol Radar Station | Radar Station (film),Dwarka | Iqbal F. Qadir
train,Gemini decompose action,bm25_llm_decompose,5a7a567255429941d65f25bd,What was Iqbal F. Qadir on when he participated in an attack on a radar station located on western shore of the Okhamandal Peninsula?,1.0,1.0,1.0,1.1500000000000001,2,13,0.34999999999999987,Iqbal F. Qadir Okhamandal Peninsula attack || Okhamandal Peninsula radar station attack operation,Iqbal F. Qadir | Dwarka | Mukachevo Radar Station | Sevastopol Radar Station | Radar Station (film),Dwarka | Iqbal F. Qadir
train,Train-best retrieval action,dense_keyword,5a7a567255429941d65f25bd,What was Iqbal F. Qadir on when he participated in an attack on a radar station located on western shore of the Okhamandal Peninsula?,0.5,1.0,0.6131471927654584,0.0,1,12,1.0,iqbal f qadir participated attack radar station located western shore okhamandal peninsula,Iqbal F. Qadir | Mukachevo Radar Station | Radar Station B-71 | Sevastopol Radar Station | No. 227 Radar Station RAAF,Dwarka | Iqbal F. Qadir
train,Selective retrieval policy,bm25_keyword,5a7a567255429941d65f25bd,What was Iqbal F. Qadir on when he participated in an attack on a radar station located on western shore of the Okhamandal Peninsula?,1.0,1.0,1.0,0.0,1,12,1.5,iqbal f qadir participated attack radar station located western shore okhamandal peninsula,Iqbal F. Qadir | Dwarka | Mukachevo Radar Station | Sevastopol Radar Station | NATO Ouvrage &quot;G&quot;,Dwarka | Iqbal F. Qadir
train,Oracle retrieval action,bm25_keep,5a7a567255429941d65f25bd,What was Iqbal F. Qadir on when he participated in an attack on a radar station located on western shore of the Okhamandal Peninsula?,1.0,1.0,1.0,0.0,1,24,1.5,What was Iqbal F. Qadir on when he participated in an attack on a radar station located on western shore of the Okhamandal Peninsula?,Iqbal F. Qadir | Dwarka | NATO Ouvrage &quot;G&quot; | Mukachevo Radar Station | Radar Station (film),Dwarka | Iqbal F. Qadir
train,Vanilla BM25,bm25_keep,5abca1a55542993a06baf937,When did the park at which Tivolis Koncertsal is located open?,0.5,1.0,0.6131471927654584,0.0,1,11,1.0,When did the park at which Tivolis Koncertsal is located open?,Tivolis Koncertsal | Pepper Tree Playfield | Taconic State Park – Copake Falls Area | Tivoli Two | Tivoli One,Tivoli Gardens | Tivolis Koncertsal
train,BM25 keyword,bm25_keyword,5abca1a55542993a06baf937,When did the park at which Tivolis Koncertsal is located open?,0.5,1.0,0.6131471927654584,0.0,1,5,1.0,park tivolis koncertsal located open,Tivolis Koncertsal | Pepper Tree Playfield | Taconic State Park – Copake Falls Area | Tivoli Two | Tivoli One,Tivoli Gardens | Tivolis Koncertsal
train,Dense original,dense_keep,5abca1a55542993a06baf937,When did the park at which Tivolis Koncertsal is located open?,1.0,1.0,1.0,0.0,1,11,1.5,When did the park at which Tivolis Koncertsal is located open?,Tivolis Koncertsal | Tivoli Gardens | Tivoli Two | Tivoli One | Takino Suzuran Hillside National Government Park,Tivoli Gardens | Tivolis Koncertsal
train,Dense keyword,dense_keyword,5abca1a55542993a06baf937,When did the park at which Tivolis Koncertsal is located open?,1.0,1.0,1.0,0.0,1,5,1.5,park tivolis koncertsal located open,Tivolis Koncertsal | Tivoli Gardens | Tivoli Two | Tivoli One | Takino Suzuran Hillside National Government Park,Tivoli Gardens | Tivolis Koncertsal
train,Hybrid original,hybrid_keep,5abca1a55542993a06baf937,When did the park at which Tivolis Koncertsal is located open?,1.0,1.0,0.8772153153380493,0.03,2,11,1.47,When did the park at which Tivolis Koncertsal is located open?,Tivolis Koncertsal | Tivoli Two | Pepper Tree Playfield | Tivoli Gardens | Tivoli One,Tivoli Gardens | Tivolis Koncertsal
train,Hybrid keyword,hybrid_keyword,5abca1a55542993a06baf937,When did the park at which Tivolis Koncertsal is located open?,1.0,1.0,0.8772153153380493,0.03,2,5,1.47,park tivolis koncertsal located open,Tivolis Koncertsal | Tivoli Two | Pepper Tree Playfield | Tivoli Gardens | Tivoli One,Tivoli Gardens | Tivolis Koncertsal
train,Gemini rewrite action,bm25_llm_rewrite,5abca1a55542993a06baf937,When did the park at which Tivolis Koncertsal is located open?,0.5,1.0,0.6131471927654584,1.05,1,5,-0.050000000000000044,Tivolis Koncertsal park opening date,Tivolis Koncertsal | Tivoli One | Tivoli Two | Wait and See (album) | Taconic State Park – Copake Falls Area,Tivoli Gardens | Tivolis Koncertsal
train,Gemini decompose action,bm25_llm_decompose,5abca1a55542993a06baf937,When did the park at which Tivolis Koncertsal is located open?,1.0,1.0,1.0,1.09,2,7,0.4099999999999999,Tivolis Koncertsal || Tivoli Gardens opening date,Tivoli Gardens | Tivolis Koncertsal | Tivoli One | Tivoli Two | Wait and See (album),Tivoli Gardens | Tivolis Koncertsal
train,Train-best retrieval action,dense_keyword,5abca1a55542993a06baf937,When did the park at which Tivolis Koncertsal is located open?,1.0,1.0,1.0,0.0,1,5,1.5,park tivolis koncertsal located open,Tivolis Koncertsal | Tivoli Gardens | Tivoli Two | Tivoli One | Takino Suzuran Hillside National Government Park,Tivoli Gardens | Tivolis Koncertsal
train,Selective retrieval policy,dense_keyword,5abca1a55542993a06baf937,When did the park at which Tivolis Koncertsal is located open?,1.0,1.0,1.0,0.0,1,5,1.5,park tivolis koncertsal located open,Tivolis Koncertsal | Tivoli Gardens | Tivoli Two | Tivoli One | Takino Suzuran Hillside National Government Park,Tivoli Gardens | Tivolis Koncertsal
train,Oracle retrieval action,dense_keep,5abca1a55542993a06baf937,When did the park at which Tivolis Koncertsal is located open?,1.0,1.0,1.0,0.0,1,11,1.5,When did the park at which Tivolis Koncertsal is located open?,Tivolis Koncertsal | Tivoli Gardens | Tivoli Two | Tivoli One | Takino Suzuran Hillside National Government Park,Tivoli Gardens | Tivolis Koncertsal
train,Vanilla BM25,bm25_keep,5a73977d554299623ed4ac08,What is the shared country of ancestry between Art Laboe and Scout Tufankjian?,1.0,1.0,0.9197207891481876,0.0,1,13,1.5,What is the shared country of ancestry between Art Laboe and Scout Tufankjian?,Scout Tufankjian | KOKO-FM | Art Laboe | Chinese Australians | Indian Scout (motorcycle),Art Laboe | Scout Tufankjian
train,BM25 keyword,bm25_keyword,5a73977d554299623ed4ac08,What is the shared country of ancestry between Art Laboe and Scout Tufankjian?,1.0,1.0,1.0,0.0,1,8,1.5,shared country ancestry between art laboe scout tufankjian,Scout Tufankjian | Art Laboe | KOKO-FM | Chinese Australians | Original Sound,Art Laboe | Scout Tufankjian
train,Dense original,dense_keep,5a73977d554299623ed4ac08,What is the shared country of ancestry between Art Laboe and Scout Tufankjian?,1.0,1.0,1.0,0.0,1,13,1.5,What is the shared country of ancestry between Art Laboe and Scout Tufankjian?,Scout Tufankjian | Art Laboe | Interamerican Scout Jamboree | KOKO-FM | Chinese Australians,Art Laboe | Scout Tufankjian
train,Dense keyword,dense_keyword,5a73977d554299623ed4ac08,What is the shared country of ancestry between Art Laboe and Scout Tufankjian?,1.0,1.0,1.0,0.0,1,8,1.5,shared country ancestry between art laboe scout tufankjian,Scout Tufankjian | Art Laboe | KOKO-FM | Interamerican Scout Jamboree | Chinese Australians,Art Laboe | Scout Tufankjian
train,Hybrid original,hybrid_keep,5a73977d554299623ed4ac08,What is the shared country of ancestry between Art Laboe and Scout Tufankjian?,1.0,1.0,1.0,0.03,2,13,1.47,What is the shared country of ancestry between Art Laboe and Scout Tufankjian?,Scout Tufankjian | Art Laboe | KOKO-FM | Chinese Australians | Interamerican Scout Jamboree,Art Laboe | Scout Tufankjian
train,Hybrid keyword,hybrid_keyword,5a73977d554299623ed4ac08,What is the shared country of ancestry between Art Laboe and Scout Tufankjian?,1.0,1.0,1.0,0.03,2,8,1.47,shared country ancestry between art laboe scout tufankjian,Scout Tufankjian | Art Laboe | KOKO-FM | Chinese Australians | Interamerican Scout Jamboree,Art Laboe | Scout Tufankjian
train,Gemini rewrite action,bm25_llm_rewrite,5a73977d554299623ed4ac08,What is the shared country of ancestry between Art Laboe and Scout Tufankjian?,1.0,1.0,1.0,1.06,1,6,0.43999999999999995,Art Laboe Scout Tufankjian ancestry country,Scout Tufankjian | Art Laboe | KOKO-FM | Chinese Australians | Original Sound,Art Laboe | Scout Tufankjian
train,Gemini decompose action,bm25_llm_decompose,5a73977d554299623ed4ac08,What is the shared country of ancestry between Art Laboe and Scout Tufankjian?,1.0,1.0,1.0,1.09,2,7,0.4099999999999999,Art Laboe ancestry || Scout Tufankjian ancestry,Scout Tufankjian | Art Laboe | KOKO-FM | Chinese Australians | Original Sound,Art Laboe | Scout Tufankjian
train,Train-best retrieval action,dense_keyword,5a73977d554299623ed4ac08,What is the shared country of ancestry between Art Laboe and Scout Tufankjian?,1.0,1.0,1.0,0.0,1,8,1.5,shared country ancestry between art laboe scout tufankjian,Scout Tufankjian | Art Laboe | KOKO-FM | Interamerican Scout Jamboree | Chinese Australians,Art Laboe | Scout Tufankjian
train,Selective retrieval policy,dense_keyword,5a73977d554299623ed4ac08,What is the shared country of ancestry between Art Laboe and Scout Tufankjian?,1.0,1.0,1.0,0.0,1,8,1.5,shared country ancestry between art laboe scout tufankjian,Scout Tufankjian | Art Laboe | KOKO-FM | Interamerican Scout Jamboree | Chinese Australians,Art Laboe | Scout Tufankjian
train,Oracle retrieval action,bm25_keep,5a73977d554299623ed4ac08,What is the shared country of ancestry between Art Laboe and Scout Tufankjian?,1.0,1.0,0.9197207891481876,0.0,1,13,1.5,What is the shared country of ancestry between Art Laboe and Scout Tufankjian?,Scout Tufankjian | KOKO-FM | Art Laboe | Chinese Australians | Indian Scout (motorcycle),Art Laboe | Scout Tufankjian
train,Vanilla BM25,bm25_keep,5ab514c05542991779162d72,The school in which the Wilmslow Show is held is designated as what?,1.0,1.0,1.0,0.0,1,13,1.5,The school in which the Wilmslow Show is held is designated as what?,Wilmslow High School | Wilmslow Show | California State Summer School for the Arts | Hawthorn Hall | Pownall Hall,Wilmslow High School | Wilmslow Show
train,BM25 keyword,bm25_keyword,5ab514c05542991779162d72,The school in which the Wilmslow Show is held is designated as what?,1.0,1.0,1.0,0.0,1,5,1.5,school wilmslow show held designated,Wilmslow Show | Wilmslow High School | Dungeness School | 2015 CIS University Cup | Corn School,Wilmslow High School | Wilmslow Show
train,Dense original,dense_keep,5ab514c05542991779162d72,The school in which the Wilmslow Show is held is designated as what?,1.0,1.0,1.0,0.0,1,13,1.5,The school in which the Wilmslow Show is held is designated as what?,Wilmslow Show | Wilmslow High School | Corn School | Hawthorn Hall | Pownall Hall,Wilmslow High School | Wilmslow Show
train,Dense keyword,dense_keyword,5ab514c05542991779162d72,The school in which the Wilmslow Show is held is designated as what?,1.0,1.0,1.0,0.0,1,5,1.5,school wilmslow show held designated,Wilmslow Show | Wilmslow High School | Corn School | Conestoga (convention) | Dungeness School,Wilmslow High School | Wilmslow Show
train,Hybrid original,hybrid_keep,5ab514c05542991779162d72,The school in which the Wilmslow Show is held is designated as what?,1.0,1.0,1.0,0.03,2,13,1.47,The school in which the Wilmslow Show is held is designated as what?,Wilmslow High School | Wilmslow Show | Hawthorn Hall | Pownall Hall | California State Summer School for the Arts,Wilmslow High School | Wilmslow Show
train,Hybrid keyword,hybrid_keyword,5ab514c05542991779162d72,The school in which the Wilmslow Show is held is designated as what?,1.0,1.0,1.0,0.03,2,5,1.47,school wilmslow show held designated,Wilmslow Show | Wilmslow High School | Corn School | Dungeness School | 2015 CIS University Cup,Wilmslow High School | Wilmslow Show
train,Gemini rewrite action,bm25_llm_rewrite,5ab514c05542991779162d72,The school in which the Wilmslow Show is held is designated as what?,1.0,1.0,1.0,1.04,1,4,0.45999999999999996,Wilmslow Show school designation,Wilmslow Show | Wilmslow High School | Dungeness School | Corn School | Pownall Hall,Wilmslow High School | Wilmslow Show
train,Gemini decompose action,bm25_llm_decompose,5ab514c05542991779162d72,The school in which the Wilmslow Show is held is designated as what?,1.0,1.0,1.0,1.08,2,6,0.41999999999999993,Wilmslow Show school || school designation,Wilmslow Show | Wilmslow High School | Dungeness School | Corn School | Pownall Hall,Wilmslow High School | Wilmslow Show
train,Train-best retrieval action,dense_keyword,5ab514c05542991779162d72,The school in which the Wilmslow Show is held is designated as what?,1.0,1.0,1.0,0.0,1,5,1.5,school wilmslow show held designated,Wilmslow Show | Wilmslow High School | Corn School | Conestoga (convention) | Dungeness School,Wilmslow High School | Wilmslow Show
train,Selective retrieval policy,dense_keyword,5ab514c05542991779162d72,The school in which the Wilmslow Show is held is designated as what?,1.0,1.0,1.0,0.0,1,5,1.5,school wilmslow show held designated,Wilmslow Show | Wilmslow High School | Corn School | Conestoga (convention) | Dungeness School,Wilmslow High School | Wilmslow Show
train,Oracle retrieval action,bm25_keep,5ab514c05542991779162d72,The school in which the Wilmslow Show is held is designated as what?,1.0,1.0,1.0,0.0,1,13,1.5,The school in which the Wilmslow Show is held is designated as what?,Wilmslow High School | Wilmslow Show | California State Summer School for the Arts | Hawthorn Hall | Pownall Hall,Wilmslow High School | Wilmslow Show
train,Vanilla BM25,bm25_keep,5add2b435542990d50227e11,Who will Billy Howle be seen opposite in the upcoming British drama film directed by Dominic Cooke?,1.0,1.0,1.0,0.0,1,17,1.5,Who will Billy Howle be seen opposite in the upcoming British drama film directed by Dominic Cooke?,On Chesil Beach (film) | Billy Howle | Once Upon a Time in London | The Little Stranger (film) | Tadakha,Billy Howle | On Chesil Beach (film)
train,BM25 keyword,bm25_keyword,5add2b435542990d50227e11,Who will Billy Howle be seen opposite in the upcoming British drama film directed by Dominic Cooke?,1.0,1.0,1.0,0.0,1,12,1.5,will billy howle seen opposite upcoming british drama film directed dominic cooke,On Chesil Beach (film) | Billy Howle | Once Upon a Time in London | The Little Stranger (film) | Tell It to the Bees,Billy Howle | On Chesil Beach (film)
train,Dense original,dense_keep,5add2b435542990d50227e11,Who will Billy Howle be seen opposite in the upcoming British drama film directed by Dominic Cooke?,1.0,1.0,0.9197207891481876,0.0,1,17,1.5,Who will Billy Howle be seen opposite in the upcoming British drama film directed by Dominic Cooke?,Billy Howle | Once Upon a Time in London | On Chesil Beach (film) | Zoo (2017 film) | Dark River (2017 film),Billy Howle | On Chesil Beach (film)
train,Dense keyword,dense_keyword,5add2b435542990d50227e11,Who will Billy Howle be seen opposite in the upcoming British drama film directed by Dominic Cooke?,1.0,1.0,0.9197207891481876,0.0,1,12,1.5,will billy howle seen opposite upcoming british drama film directed dominic cooke,Billy Howle | Once Upon a Time in London | On Chesil Beach (film) | Zoo (2017 film) | Dark River (2017 film),Billy Howle | On Chesil Beach (film)
train,Hybrid original,hybrid_keep,5add2b435542990d50227e11,Who will Billy Howle be seen opposite in the upcoming British drama film directed by Dominic Cooke?,1.0,1.0,1.0,0.03,2,17,1.47,Who will Billy Howle be seen opposite in the upcoming British drama film directed by Dominic Cooke?,Billy Howle | On Chesil Beach (film) | Once Upon a Time in London | The Little Stranger (film) | Zoo (2017 film),Billy Howle | On Chesil Beach (film)
train,Hybrid keyword,hybrid_keyword,5add2b435542990d50227e11,Who will Billy Howle be seen opposite in the upcoming British drama film directed by Dominic Cooke?,1.0,1.0,1.0,0.03,2,12,1.47,will billy howle seen opposite upcoming british drama film directed dominic cooke,Billy Howle | On Chesil Beach (film) | Once Upon a Time in London | The Little Stranger (film) | Zoo (2017 film),Billy Howle | On Chesil Beach (film)
train,Gemini rewrite action,bm25_llm_rewrite,5add2b435542990d50227e11,Who will Billy Howle be seen opposite in the upcoming British drama film directed by Dominic Cooke?,1.0,1.0,1.0,1.05,1,5,0.44999999999999996,Billy Howle Dominic Cooke film,On Chesil Beach (film) | Billy Howle | Once Upon a Time in London | Zoo (2017 film) | Romans (2017 film),Billy Howle | On Chesil Beach (film)
train,Gemini decompose action,bm25_llm_decompose,5add2b435542990d50227e11,Who will Billy Howle be seen opposite in the upcoming British drama film directed by Dominic Cooke?,1.0,1.0,0.9197207891481876,1.1500000000000001,2,13,0.34999999999999987,Billy Howle Dominic Cooke upcoming British drama film || Billy Howle upcoming films,On Chesil Beach (film) | Once Upon a Time in London | Billy Howle | Zoo (2017 film) | Romans (2017 film),Billy Howle | On Chesil Beach (film)
train,Train-best retrieval action,dense_keyword,5add2b435542990d50227e11,Who will Billy Howle be seen opposite in the upcoming British drama film directed by Dominic Cooke?,1.0,1.0,0.9197207891481876,0.0,1,12,1.5,will billy howle seen opposite upcoming british drama film directed dominic cooke,Billy Howle | Once Upon a Time in London | On Chesil Beach (film) | Zoo (2017 film) | Dark River (2017 film),Billy Howle | On Chesil Beach (film)
train,Selective retrieval policy,dense_keyword,5add2b435542990d50227e11,Who will Billy Howle be seen opposite in the upcoming British drama film directed by Dominic Cooke?,1.0,1.0,0.9197207891481876,0.0,1,12,1.5,will billy howle seen opposite upcoming british drama film directed dominic cooke,Billy Howle | Once Upon a Time in London | On Chesil Beach (film) | Zoo (2017 film) | Dark River (2017 film),Billy Howle | On Chesil Beach (film)
train,Oracle retrieval action,bm25_keep,5add2b435542990d50227e11,Who will Billy Howle be seen opposite in the upcoming British drama film directed by Dominic Cooke?,1.0,1.0,1.0,0.0,1,17,1.5,Who will Billy Howle be seen opposite in the upcoming British drama film directed by Dominic Cooke?,On Chesil Beach (film) | Billy Howle | Once Upon a Time in London | The Little Stranger (film) | Tadakha,Billy Howle | On Chesil Beach (film)
train,Vanilla BM25,bm25_keep,5a88d6df554299206df2b377,"What animated movie, starring Danny Devito, featured music written and produced by Kool Kojak?",1.0,0.5,0.6934264036172708,0.0,1,14,1.25,"What animated movie, starring Danny Devito, featured music written and produced by Kool Kojak?",Curmudgeons (film) | The Lorax (film) | Kool Kojak | Brian R. Etting | Victorious: Music from the Hit TV Show,Kool Kojak | The Lorax (film)
train,BM25 keyword,bm25_keyword,5a88d6df554299206df2b377,"What animated movie, starring Danny Devito, featured music written and produced by Kool Kojak?",1.0,0.5,0.6509209298071326,0.0,1,11,1.25,animated movie starring danny devito featured music written produced kool kojak,Curmudgeons (film) | The Lorax (film) | Brian R. Etting | Kool Kojak | Victorious: Music from the Hit TV Show,Kool Kojak | The Lorax (film)
train,Dense original,dense_keep,5a88d6df554299206df2b377,"What animated movie, starring Danny Devito, featured music written and produced by Kool Kojak?",1.0,0.5,0.6509209298071326,0.0,1,14,1.25,"What animated movie, starring Danny Devito, featured music written and produced by Kool Kojak?",Curmudgeons (film) | Kool Kojak | Brian R. Etting | The Lorax (film) | Victorious: Music from the Hit TV Show,Kool Kojak | The Lorax (film)
train,Dense keyword,dense_keyword,5a88d6df554299206df2b377,"What animated movie, starring Danny Devito, featured music written and produced by Kool Kojak?",1.0,1.0,0.9197207891481876,0.0,1,11,1.5,animated movie starring danny devito featured music written produced kool kojak,Kool Kojak | Curmudgeons (film) | The Lorax (film) | Brian R. Etting | Victorious: Music from the Hit TV Show,Kool Kojak | The Lorax (film)
train,Hybrid original,hybrid_keep,5a88d6df554299206df2b377,"What animated movie, starring Danny Devito, featured music written and produced by Kool Kojak?",1.0,0.5,0.6934264036172708,0.03,2,14,1.22,"What animated movie, starring Danny Devito, featured music written and produced by Kool Kojak?",Curmudgeons (film) | Kool Kojak | The Lorax (film) | Brian R. Etting | Victorious: Music from the Hit TV Show,Kool Kojak | The Lorax (film)
train,Hybrid keyword,hybrid_keyword,5a88d6df554299206df2b377,"What animated movie, starring Danny Devito, featured music written and produced by Kool Kojak?",1.0,0.5,0.6934264036172708,0.03,2,11,1.22,animated movie starring danny devito featured music written produced kool kojak,Curmudgeons (film) | Kool Kojak | The Lorax (film) | Brian R. Etting | Victorious: Music from the Hit TV Show,Kool Kojak | The Lorax (film)
train,Gemini rewrite action,bm25_llm_rewrite,5a88d6df554299206df2b377,"What animated movie, starring Danny Devito, featured music written and produced by Kool Kojak?",1.0,1.0,0.8772153153380493,1.06,1,6,0.43999999999999995,animated movie Danny Devito Kool Kojak,The Lorax (film) | Curmudgeons (film) | Brian R. Etting | Kool Kojak | Rock Me (One Direction song),Kool Kojak | The Lorax (film)
train,Gemini decompose action,bm25_llm_decompose,5a88d6df554299206df2b377,"What animated movie, starring Danny Devito, featured music written and produced by Kool Kojak?",1.0,1.0,1.0,1.12,2,10,0.3799999999999999,Danny DeVito animated filmography || Kool Kojak music producer filmography,The Lorax (film) | Kool Kojak | Victorious: Music from the Hit TV Show | Curmudgeons (film) | Brian R. Etting,Kool Kojak | The Lorax (film)
train,Train-best retrieval action,dense_keyword,5a88d6df554299206df2b377,"What animated movie, starring Danny Devito, featured music written and produced by Kool Kojak?",1.0,1.0,0.9197207891481876,0.0,1,11,1.5,animated movie starring danny devito featured music written produced kool kojak,Kool Kojak | Curmudgeons (film) | The Lorax (film) | Brian R. Etting | Victorious: Music from the Hit TV Show,Kool Kojak | The Lorax (film)
train,Selective retrieval policy,bm25_keep,5a88d6df554299206df2b377,"What animated movie, starring Danny Devito, featured music written and produced by Kool Kojak?",1.0,0.5,0.6934264036172708,0.0,1,14,1.25,"What animated movie, starring Danny Devito, featured music written and produced by Kool Kojak?",Curmudgeons (film) | The Lorax (film) | Kool Kojak | Brian R. Etting | Victorious: Music from the Hit TV Show,Kool Kojak | The Lorax (film)
train,Oracle retrieval action,dense_keyword,5a88d6df554299206df2b377,"What animated movie, starring Danny Devito, featured music written and produced by Kool Kojak?",1.0,1.0,0.9197207891481876,0.0,1,11,1.5,animated movie starring danny devito featured music written produced kool kojak,Kool Kojak | Curmudgeons (film) | The Lorax (film) | Brian R. Etting | Victorious: Music from the Hit TV Show,Kool Kojak | The Lorax (film)
train,Vanilla BM25,bm25_keep,5ae6b6065542991bbc976168,"Out of the actors who have played the role of Luc Deveraux in the Universal Soldier franchise, which actor has also starred in the movies Holby City, Doctor Strange, the Bourne Ultimatum and Zero Dark Thirty?",1.0,1.0,1.0,0.0,1,36,1.5,"Out of the actors who have played the role of Luc Deveraux in the Universal Soldier franchise, which actor has also starred in the movies Holby City, Doctor Strange, the Bourne Ultimatum and Zero Dark Thirty?",Scott Adkins | Universal Soldier (franchise) | List of accolades received by Zero Dark Thirty | Universal Soldier (1992 film) | Jayne Grayson,Scott Adkins | Universal Soldier (franchise)
train,BM25 keyword,bm25_keyword,5ae6b6065542991bbc976168,"Out of the actors who have played the role of Luc Deveraux in the Universal Soldier franchise, which actor has also starred in the movies Holby City, Doctor Strange, the Bourne Ultimatum and Zero Dark Thirty?",1.0,1.0,1.0,0.0,1,22,1.5,out actors played role luc deveraux universal soldier franchise actor also starred movies holby city doctor strange bourne ultimatum zero dark thirty,Scott Adkins | Universal Soldier (franchise) | List of accolades received by Zero Dark Thirty | Luc Deveraux | Universal Soldier (1992 film),Scott Adkins | Universal Soldier (franchise)
train,Dense original,dense_keep,5ae6b6065542991bbc976168,"Out of the actors who have played the role of Luc Deveraux in the Universal Soldier franchise, which actor has also starred in the movies Holby City, Doctor Strange, the Bourne Ultimatum and Zero Dark Thirty?",1.0,0.5,0.6240505200038379,0.0,1,36,1.25,"Out of the actors who have played the role of Luc Deveraux in the Universal Soldier franchise, which actor has also starred in the movies Holby City, Doctor Strange, the Bourne Ultimatum and Zero Dark Thirty?",Luc Deveraux | Universal Soldier (franchise) | Universal Soldier (1992 film) | Universal Soldier: Regeneration | Scott Adkins,Scott Adkins | Universal Soldier (franchise)
train,Dense keyword,dense_keyword,5ae6b6065542991bbc976168,"Out of the actors who have played the role of Luc Deveraux in the Universal Soldier franchise, which actor has also starred in the movies Holby City, Doctor Strange, the Bourne Ultimatum and Zero Dark Thirty?",1.0,1.0,0.9197207891481876,0.0,1,22,1.5,out actors played role luc deveraux universal soldier franchise actor also starred movies holby city doctor strange bourne ultimatum zero dark thirty,Universal Soldier (franchise) | Luc Deveraux | Scott Adkins | Universal Soldier (1992 film) | Universal Soldier: Regeneration,Scott Adkins | Universal Soldier (franchise)
train,Hybrid original,hybrid_keep,5ae6b6065542991bbc976168,"Out of the actors who have played the role of Luc Deveraux in the Universal Soldier franchise, which actor has also starred in the movies Holby City, Doctor Strange, the Bourne Ultimatum and Zero Dark Thirty?",1.0,1.0,0.9197207891481876,0.03,2,36,1.47,"Out of the actors who have played the role of Luc Deveraux in the Universal Soldier franchise, which actor has also starred in the movies Holby City, Doctor Strange, the Bourne Ultimatum and Zero Dark Thirty?",Scott Adkins | Luc Deveraux | Universal Soldier (franchise) | Universal Soldier (1992 film) | List of accolades received by Zero Dark Thirty,Scott Adkins | Universal Soldier (franchise)
train,Hybrid keyword,hybrid_keyword,5ae6b6065542991bbc976168,"Out of the actors who have played the role of Luc Deveraux in the Universal Soldier franchise, which actor has also starred in the movies Holby City, Doctor Strange, the Bourne Ultimatum and Zero Dark Thirty?",1.0,1.0,1.0,0.03,2,22,1.47,out actors played role luc deveraux universal soldier franchise actor also starred movies holby city doctor strange bourne ultimatum zero dark thirty,Universal Soldier (franchise) | Scott Adkins | Luc Deveraux | Universal Soldier (1992 film) | List of accolades received by Zero Dark Thirty,Scott Adkins | Universal Soldier (franchise)
train,Gemini rewrite action,bm25_llm_rewrite,5ae6b6065542991bbc976168,"Out of the actors who have played the role of Luc Deveraux in the Universal Soldier franchise, which actor has also starred in the movies Holby City, Doctor Strange, the Bourne Ultimatum and Zero Dark Thirty?",1.0,1.0,0.8772153153380493,1.11,1,12,0.3899999999999999,"""Luc Deveraux"" ""Holby City"" ""Doctor Strange"" ""The Bourne Ultimatum"" ""Zero Dark Thirty""",Scott Adkins | List of accolades received by Zero Dark Thirty | Luc Deveraux | Universal Soldier (franchise) | Jayne Grayson,Scott Adkins | Universal Soldier (franchise)
train,Gemini decompose action,bm25_llm_decompose,5ae6b6065542991bbc976168,"Out of the actors who have played the role of Luc Deveraux in the Universal Soldier franchise, which actor has also starred in the movies Holby City, Doctor Strange, the Bourne Ultimatum and Zero Dark Thirty?",1.0,1.0,0.8772153153380493,1.18,2,17,0.32000000000000006,Luc Deveraux Universal Soldier actors || Actor Holby City Doctor Strange The Bourne Ultimatum Zero Dark Thirty,Scott Adkins | List of accolades received by Zero Dark Thirty | Luc Deveraux | Universal Soldier (franchise) | Universal Soldier (1992 film),Scott Adkins | Universal Soldier (franchise)
train,Train-best retrieval action,dense_keyword,5ae6b6065542991bbc976168,"Out of the actors who have played the role of Luc Deveraux in the Universal Soldier franchise, which actor has also starred in the movies Holby City, Doctor Strange, the Bourne Ultimatum and Zero Dark Thirty?",1.0,1.0,0.9197207891481876,0.0,1,22,1.5,out actors played role luc deveraux universal soldier franchise actor also starred movies holby city doctor strange bourne ultimatum zero dark thirty,Universal Soldier (franchise) | Luc Deveraux | Scott Adkins | Universal Soldier (1992 film) | Universal Soldier: Regeneration,Scott Adkins | Universal Soldier (franchise)
train,Selective retrieval policy,bm25_keyword,5ae6b6065542991bbc976168,"Out of the actors who have played the role of Luc Deveraux in the Universal Soldier franchise, which actor has also starred in the movies Holby City, Doctor Strange, the Bourne Ultimatum and Zero Dark Thirty?",1.0,1.0,1.0,0.0,1,22,1.5,out actors played role luc deveraux universal soldier franchise actor also starred movies holby city doctor strange bourne ultimatum zero dark thirty,Scott Adkins | Universal Soldier (franchise) | List of accolades received by Zero Dark Thirty | Luc Deveraux | Universal Soldier (1992 film),Scott Adkins | Universal Soldier (franchise)
train,Oracle retrieval action,bm25_keep,5ae6b6065542991bbc976168,"Out of the actors who have played the role of Luc Deveraux in the Universal Soldier franchise, which actor has also starred in the movies Holby City, Doctor Strange, the Bourne Ultimatum and Zero Dark Thirty?",1.0,1.0,1.0,0.0,1,36,1.5,"Out of the actors who have played the role of Luc Deveraux in the Universal Soldier franchise, which actor has also starred in the movies Holby City, Doctor Strange, the Bourne Ultimatum and Zero Dark Thirty?",Scott Adkins | Universal Soldier (franchise) | List of accolades received by Zero Dark Thirty | Universal Soldier (1992 film) | Jayne Grayson,Scott Adkins | Universal Soldier (franchise)
train,Vanilla BM25,bm25_keep,5ae531ee5542990ba0bbb1ff,Tommy's Honour was a drama film that included the actor who found success with what 2016 BBC miniseries?,1.0,1.0,0.9197207891481876,0.0,1,18,1.5,Tommy's Honour was a drama film that included the actor who found success with what 2016 BBC miniseries?,Tommy's Honour | Tina Heath | Jack Lowden | Ken Stott | Kevin McKidd,Jack Lowden | Tommy's Honour
train,BM25 keyword,bm25_keyword,5ae531ee5542990ba0bbb1ff,Tommy's Honour was a drama film that included the actor who found success with what 2016 BBC miniseries?,1.0,1.0,1.0,0.0,1,12,1.5,tommy s honour drama film included actor found success 2016 bbc miniseries,Tommy's Honour | Jack Lowden | Kevin McKidd | Hélène Kuragina | Tina Heath,Jack Lowden | Tommy's Honour
train,Dense original,dense_keep,5ae531ee5542990ba0bbb1ff,Tommy's Honour was a drama film that included the actor who found success with what 2016 BBC miniseries?,1.0,1.0,1.0,0.0,1,18,1.5,Tommy's Honour was a drama film that included the actor who found success with what 2016 BBC miniseries?,Tommy's Honour | Jack Lowden | Kevin McKidd | Cultural depictions of William III of England | Ken Stott,Jack Lowden | Tommy's Honour
train,Dense keyword,dense_keyword,5ae531ee5542990ba0bbb1ff,Tommy's Honour was a drama film that included the actor who found success with what 2016 BBC miniseries?,1.0,1.0,1.0,0.0,1,12,1.5,tommy s honour drama film included actor found success 2016 bbc miniseries,Tommy's Honour | Jack Lowden | Kevin McKidd | Cultural depictions of William III of England | Ken Stott,Jack Lowden | Tommy's Honour
train,Hybrid original,hybrid_keep,5ae531ee5542990ba0bbb1ff,Tommy's Honour was a drama film that included the actor who found success with what 2016 BBC miniseries?,1.0,1.0,1.0,0.03,2,18,1.47,Tommy's Honour was a drama film that included the actor who found success with what 2016 BBC miniseries?,Tommy's Honour | Jack Lowden | Kevin McKidd | Tina Heath | Ken Stott,Jack Lowden | Tommy's Honour
train,Hybrid keyword,hybrid_keyword,5ae531ee5542990ba0bbb1ff,Tommy's Honour was a drama film that included the actor who found success with what 2016 BBC miniseries?,1.0,1.0,1.0,0.03,2,12,1.47,tommy s honour drama film included actor found success 2016 bbc miniseries,Tommy's Honour | Jack Lowden | Kevin McKidd | Cultural depictions of William III of England | Hélène Kuragina,Jack Lowden | Tommy's Honour
train,Gemini rewrite action,bm25_llm_rewrite,5ae531ee5542990ba0bbb1ff,Tommy's Honour was a drama film that included the actor who found success with what 2016 BBC miniseries?,1.0,1.0,0.9197207891481876,1.07,1,6,0.42999999999999994,Tommy's Honour actor 2016 BBC miniseries,Tommy's Honour | Kevin McKidd | Jack Lowden | Hélène Kuragina | The Day of the Triffids (2009 TV miniseries),Jack Lowden | Tommy's Honour
train,Gemini decompose action,bm25_llm_decompose,5ae531ee5542990ba0bbb1ff,Tommy's Honour was a drama film that included the actor who found success with what 2016 BBC miniseries?,1.0,1.0,0.8772153153380493,1.09,2,6,0.4099999999999999,"""Tommy's Honour"" cast || BBC miniseries",Tommy's Honour | Kevin McKidd | The Day of the Triffids (2009 TV miniseries) | Jack Lowden | Hélène Kuragina,Jack Lowden | Tommy's Honour
train,Train-best retrieval action,dense_keyword,5ae531ee5542990ba0bbb1ff,Tommy's Honour was a drama film that included the actor who found success with what 2016 BBC miniseries?,1.0,1.0,1.0,0.0,1,12,1.5,tommy s honour drama film included actor found success 2016 bbc miniseries,Tommy's Honour | Jack Lowden | Kevin McKidd | Cultural depictions of William III of England | Ken Stott,Jack Lowden | Tommy's Honour
train,Selective retrieval policy,dense_keyword,5ae531ee5542990ba0bbb1ff,Tommy's Honour was a drama film that included the actor who found success with what 2016 BBC miniseries?,1.0,1.0,1.0,0.0,1,12,1.5,tommy s honour drama film included actor found success 2016 bbc miniseries,Tommy's Honour | Jack Lowden | Kevin McKidd | Cultural depictions of William III of England | Ken Stott,Jack Lowden | Tommy's Honour
train,Oracle retrieval action,bm25_keep,5ae531ee5542990ba0bbb1ff,Tommy's Honour was a drama film that included the actor who found success with what 2016 BBC miniseries?,1.0,1.0,0.9197207891481876,0.0,1,18,1.5,Tommy's Honour was a drama film that included the actor who found success with what 2016 BBC miniseries?,Tommy's Honour | Tina Heath | Jack Lowden | Ken Stott | Kevin McKidd,Jack Lowden | Tommy's Honour
train,Vanilla BM25,bm25_keep,5a8aa5835542996c9b8d5f4e,"Which rock band chose its name by drawing it out of a hat, Switchfoot or Midnight Oil?",1.0,1.0,0.8503449055347546,0.0,1,17,1.5,"Which rock band chose its name by drawing it out of a hat, Switchfoot or Midnight Oil?","Midnight Oil | Midnight Oil (album) | 20,000 Watt R.S.L. | Species Deceases | Switchfoot",Midnight Oil | Switchfoot
train,BM25 keyword,bm25_keyword,5a8aa5835542996c9b8d5f4e,"Which rock band chose its name by drawing it out of a hat, Switchfoot or Midnight Oil?",1.0,1.0,1.0,0.0,1,10,1.5,rock band chose name drawing out hat switchfoot midnight oil,"Midnight Oil | Switchfoot | 20,000 Watt R.S.L. | The Power &amp; The Passion | Rob Hirst",Midnight Oil | Switchfoot
train,Dense original,dense_keep,5a8aa5835542996c9b8d5f4e,"Which rock band chose its name by drawing it out of a hat, Switchfoot or Midnight Oil?",1.0,1.0,1.0,0.0,1,17,1.5,"Which rock band chose its name by drawing it out of a hat, Switchfoot or Midnight Oil?",Switchfoot | Midnight Oil | Rob Hirst | Midnight Oil (album) | Read About It,Midnight Oil | Switchfoot
train,Dense keyword,dense_keyword,5a8aa5835542996c9b8d5f4e,"Which rock band chose its name by drawing it out of a hat, Switchfoot or Midnight Oil?",1.0,1.0,0.9197207891481876,0.0,1,10,1.5,rock band chose name drawing out hat switchfoot midnight oil,Midnight Oil | Rob Hirst | Switchfoot | Midnight Oil (album) | Read About It,Midnight Oil | Switchfoot
train,Hybrid original,hybrid_keep,5a8aa5835542996c9b8d5f4e,"Which rock band chose its name by drawing it out of a hat, Switchfoot or Midnight Oil?",1.0,1.0,1.0,0.03,2,17,1.47,"Which rock band chose its name by drawing it out of a hat, Switchfoot or Midnight Oil?","Midnight Oil | Switchfoot | Midnight Oil (album) | 20,000 Watt R.S.L. | Rob Hirst",Midnight Oil | Switchfoot
train,Hybrid keyword,hybrid_keyword,5a8aa5835542996c9b8d5f4e,"Which rock band chose its name by drawing it out of a hat, Switchfoot or Midnight Oil?",1.0,1.0,1.0,0.03,2,10,1.47,rock band chose name drawing out hat switchfoot midnight oil,"Midnight Oil | Switchfoot | Rob Hirst | 20,000 Watt R.S.L. | Midnight Oil (album)",Midnight Oil | Switchfoot
train,Gemini rewrite action,bm25_llm_rewrite,5a8aa5835542996c9b8d5f4e,"Which rock band chose its name by drawing it out of a hat, Switchfoot or Midnight Oil?",1.0,1.0,1.0,1.06,1,6,0.43999999999999995,Switchfoot Midnight Oil name drawing hat,"Midnight Oil | Switchfoot | 20,000 Watt R.S.L. | The Power &amp; The Passion | Midnight Oil (album)",Midnight Oil | Switchfoot
train,Gemini decompose action,bm25_llm_decompose,5a8aa5835542996c9b8d5f4e,"Which rock band chose its name by drawing it out of a hat, Switchfoot or Midnight Oil?",1.0,1.0,1.0,1.1,2,8,0.3999999999999999,Switchfoot name origin || Midnight Oil name origin,"Switchfoot | Midnight Oil | 20,000 Watt R.S.L. | The Power &amp; The Passion | Midnight Oil (album)",Midnight Oil | Switchfoot
train,Train-best retrieval action,dense_keyword,5a8aa5835542996c9b8d5f4e,"Which rock band chose its name by drawing it out of a hat, Switchfoot or Midnight Oil?",1.0,1.0,0.9197207891481876,0.0,1,10,1.5,rock band chose name drawing out hat switchfoot midnight oil,Midnight Oil | Rob Hirst | Switchfoot | Midnight Oil (album) | Read About It,Midnight Oil | Switchfoot
train,Selective retrieval policy,dense_keyword,5a8aa5835542996c9b8d5f4e,"Which rock band chose its name by drawing it out of a hat, Switchfoot or Midnight Oil?",1.0,1.0,0.9197207891481876,0.0,1,10,1.5,rock band chose name drawing out hat switchfoot midnight oil,Midnight Oil | Rob Hirst | Switchfoot | Midnight Oil (album) | Read About It,Midnight Oil | Switchfoot
train,Oracle retrieval action,bm25_keep,5a8aa5835542996c9b8d5f4e,"Which rock band chose its name by drawing it out of a hat, Switchfoot or Midnight Oil?",1.0,1.0,0.8503449055347546,0.0,1,17,1.5,"Which rock band chose its name by drawing it out of a hat, Switchfoot or Midnight Oil?","Midnight Oil | Midnight Oil (album) | 20,000 Watt R.S.L. | Species Deceases | Switchfoot",Midnight Oil | Switchfoot
train,Vanilla BM25,bm25_keep,5ab82d095542990e739ec853,"""Tunak"", is a bhangra/pop love song by an artist born in which year ?",1.0,1.0,0.9197207891481876,0.0,1,14,1.5,"""Tunak"", is a bhangra/pop love song by an artist born in which year ?",Tunak Tunak Tun | This Ain't a Love Song | Daler Mehndi | The Day Before I Met You | A Love Song (Lee Greenwood song),Daler Mehndi | Tunak Tunak Tun
train,BM25 keyword,bm25_keyword,5ab82d095542990e739ec853,"""Tunak"", is a bhangra/pop love song by an artist born in which year ?",1.0,1.0,1.0,0.0,1,8,1.5,tunak bhangra pop love song artist born year,Tunak Tunak Tun | Daler Mehndi | Anmol Gagan Maan | This Ain't a Love Song | Lum's Love Song,Daler Mehndi | Tunak Tunak Tun
train,Dense original,dense_keep,5ab82d095542990e739ec853,"""Tunak"", is a bhangra/pop love song by an artist born in which year ?",1.0,1.0,0.8772153153380493,0.0,1,14,1.5,"""Tunak"", is a bhangra/pop love song by an artist born in which year ?",Tunak Tunak Tun | Lum's Love Song | Anmol Gagan Maan | Daler Mehndi | Crazy in Love,Daler Mehndi | Tunak Tunak Tun
train,Dense keyword,dense_keyword,5ab82d095542990e739ec853,"""Tunak"", is a bhangra/pop love song by an artist born in which year ?",1.0,1.0,0.9197207891481876,0.0,1,8,1.5,tunak bhangra pop love song artist born year,Tunak Tunak Tun | Anmol Gagan Maan | Daler Mehndi | Lum's Love Song | Crazy in Love,Daler Mehndi | Tunak Tunak Tun
train,Hybrid original,hybrid_keep,5ab82d095542990e739ec853,"""Tunak"", is a bhangra/pop love song by an artist born in which year ?",1.0,1.0,1.0,0.03,2,14,1.47,"""Tunak"", is a bhangra/pop love song by an artist born in which year ?",Tunak Tunak Tun | Daler Mehndi | Lum's Love Song | This Ain't a Love Song | Anmol Gagan Maan,Daler Mehndi | Tunak Tunak Tun
train,Hybrid keyword,hybrid_keyword,5ab82d095542990e739ec853,"""Tunak"", is a bhangra/pop love song by an artist born in which year ?",1.0,1.0,0.9197207891481876,0.03,2,8,1.47,tunak bhangra pop love song artist born year,Tunak Tunak Tun | Anmol Gagan Maan | Daler Mehndi | Lum's Love Song | This Ain't a Love Song,Daler Mehndi | Tunak Tunak Tun
train,Gemini rewrite action,bm25_llm_rewrite,5ab82d095542990e739ec853,"""Tunak"", is a bhangra/pop love song by an artist born in which year ?",1.0,1.0,0.8503449055347546,1.04,1,4,0.45999999999999996,Tunak artist birth year,Tunak Tunak Tun | This Ain't a Love Song | Anmol Gagan Maan | Feels Just Like a Love Song | Daler Mehndi,Daler Mehndi | Tunak Tunak Tun
train,Gemini decompose action,bm25_llm_decompose,5ab82d095542990e739ec853,"""Tunak"", is a bhangra/pop love song by an artist born in which year ?",1.0,1.0,0.8772153153380493,1.06,1,6,0.43999999999999995,"""Tunak"" bhangra pop artist birth year",Tunak Tunak Tun | Anmol Gagan Maan | This Ain't a Love Song | Daler Mehndi | The Day Before I Met You,Daler Mehndi | Tunak Tunak Tun
train,Train-best retrieval action,dense_keyword,5ab82d095542990e739ec853,"""Tunak"", is a bhangra/pop love song by an artist born in which year ?",1.0,1.0,0.9197207891481876,0.0,1,8,1.5,tunak bhangra pop love song artist born year,Tunak Tunak Tun | Anmol Gagan Maan | Daler Mehndi | Lum's Love Song | Crazy in Love,Daler Mehndi | Tunak Tunak Tun
train,Selective retrieval policy,dense_keep,5ab82d095542990e739ec853,"""Tunak"", is a bhangra/pop love song by an artist born in which year ?",1.0,1.0,0.8772153153380493,0.0,1,14,1.5,"""Tunak"", is a bhangra/pop love song by an artist born in which year ?",Tunak Tunak Tun | Lum's Love Song | Anmol Gagan Maan | Daler Mehndi | Crazy in Love,Daler Mehndi | Tunak Tunak Tun
train,Oracle retrieval action,bm25_keep,5ab82d095542990e739ec853,"""Tunak"", is a bhangra/pop love song by an artist born in which year ?",1.0,1.0,0.9197207891481876,0.0,1,14,1.5,"""Tunak"", is a bhangra/pop love song by an artist born in which year ?",Tunak Tunak Tun | This Ain't a Love Song | Daler Mehndi | The Day Before I Met You | A Love Song (Lee Greenwood song),Daler Mehndi | Tunak Tunak Tun
train,Vanilla BM25,bm25_keep,5ae4c01e55429913cc2044f3,Which Captain launched the attack which led to more casualties than any other incident in the war fought between the settlers of the nascent colony of New Netherland and the native Lenape population?,1.0,1.0,1.0,0.0,1,33,1.5,Which Captain launched the attack which led to more casualties than any other incident in the war fought between the settlers of the nascent colony of New Netherland and the native Lenape population?,Pound Ridge massacre | Kieft's War | English Neighborhood | Rumachenanck | Holland Society of New York,Kieft's War | Pound Ridge massacre
train,BM25 keyword,bm25_keyword,5ae4c01e55429913cc2044f3,Which Captain launched the attack which led to more casualties than any other incident in the war fought between the settlers of the nascent colony of New Netherland and the native Lenape population?,1.0,1.0,1.0,0.0,1,21,1.5,captain launched attack led more casualties than any other incident war fought between settlers nascent colony new netherland native lenape population,Pound Ridge massacre | Kieft's War | English Neighborhood | Rumachenanck | Twelve Men,Kieft's War | Pound Ridge massacre
train,Dense original,dense_keep,5ae4c01e55429913cc2044f3,Which Captain launched the attack which led to more casualties than any other incident in the war fought between the settlers of the nascent colony of New Netherland and the native Lenape population?,1.0,1.0,1.0,0.0,1,33,1.5,Which Captain launched the attack which led to more casualties than any other incident in the war fought between the settlers of the nascent colony of New Netherland and the native Lenape population?,Kieft's War | Pound Ridge massacre | List of colonial governors of New York | Rumachenanck | English Neighborhood,Kieft's War | Pound Ridge massacre
train,Dense keyword,dense_keyword,5ae4c01e55429913cc2044f3,Which Captain launched the attack which led to more casualties than any other incident in the war fought between the settlers of the nascent colony of New Netherland and the native Lenape population?,1.0,1.0,1.0,0.0,1,21,1.5,captain launched attack led more casualties than any other incident war fought between settlers nascent colony new netherland native lenape population,Kieft's War | Pound Ridge massacre | List of colonial governors of New York | English Neighborhood | Rumachenanck,Kieft's War | Pound Ridge massacre
train,Hybrid original,hybrid_keep,5ae4c01e55429913cc2044f3,Which Captain launched the attack which led to more casualties than any other incident in the war fought between the settlers of the nascent colony of New Netherland and the native Lenape population?,1.0,1.0,1.0,0.03,2,33,1.47,Which Captain launched the attack which led to more casualties than any other incident in the war fought between the settlers of the nascent colony of New Netherland and the native Lenape population?,Kieft's War | Pound Ridge massacre | English Neighborhood | Rumachenanck | List of colonial governors of New York,Kieft's War | Pound Ridge massacre
train,Hybrid keyword,hybrid_keyword,5ae4c01e55429913cc2044f3,Which Captain launched the attack which led to more casualties than any other incident in the war fought between the settlers of the nascent colony of New Netherland and the native Lenape population?,1.0,1.0,1.0,0.03,2,21,1.47,captain launched attack led more casualties than any other incident war fought between settlers nascent colony new netherland native lenape population,Kieft's War | Pound Ridge massacre | English Neighborhood | Rumachenanck | List of colonial governors of New York,Kieft's War | Pound Ridge massacre
train,Gemini rewrite action,bm25_llm_rewrite,5ae4c01e55429913cc2044f3,Which Captain launched the attack which led to more casualties than any other incident in the war fought between the settlers of the nascent colony of New Netherland and the native Lenape population?,1.0,1.0,1.0,1.07,1,7,0.42999999999999994,New Netherland Lenape war deadliest attack Captain,Pound Ridge massacre | Kieft's War | Rumachenanck | List of colonial governors of New York | English Neighborhood,Kieft's War | Pound Ridge massacre
train,Gemini decompose action,bm25_llm_decompose,5ae4c01e55429913cc2044f3,Which Captain launched the attack which led to more casualties than any other incident in the war fought between the settlers of the nascent colony of New Netherland and the native Lenape population?,1.0,1.0,1.0,1.12,2,9,0.3799999999999999,New Netherland Lenape war || Kieft's War battles casualties,Pound Ridge massacre | Kieft's War | Rumachenanck | List of colonial governors of New York | English Neighborhood,Kieft's War | Pound Ridge massacre
train,Train-best retrieval action,dense_keyword,5ae4c01e55429913cc2044f3,Which Captain launched the attack which led to more casualties than any other incident in the war fought between the settlers of the nascent colony of New Netherland and the native Lenape population?,1.0,1.0,1.0,0.0,1,21,1.5,captain launched attack led more casualties than any other incident war fought between settlers nascent colony new netherland native lenape population,Kieft's War | Pound Ridge massacre | List of colonial governors of New York | English Neighborhood | Rumachenanck,Kieft's War | Pound Ridge massacre
train,Selective retrieval policy,bm25_keep,5ae4c01e55429913cc2044f3,Which Captain launched the attack which led to more casualties than any other incident in the war fought between the settlers of the nascent colony of New Netherland and the native Lenape population?,1.0,1.0,1.0,0.0,1,33,1.5,Which Captain launched the attack which led to more casualties than any other incident in the war fought between the settlers of the nascent colony of New Netherland and the native Lenape population?,Pound Ridge massacre | Kieft's War | English Neighborhood | Rumachenanck | Holland Society of New York,Kieft's War | Pound Ridge massacre
train,Oracle retrieval action,bm25_keep,5ae4c01e55429913cc2044f3,Which Captain launched the attack which led to more casualties than any other incident in the war fought between the settlers of the nascent colony of New Netherland and the native Lenape population?,1.0,1.0,1.0,0.0,1,33,1.5,Which Captain launched the attack which led to more casualties than any other incident in the war fought between the settlers of the nascent colony of New Netherland and the native Lenape population?,Pound Ridge massacre | Kieft's War | English Neighborhood | Rumachenanck | Holland Society of New York,Kieft's War | Pound Ridge massacre
train,Vanilla BM25,bm25_keep,5a89fea655429970aeb701eb,In which film did Emilio Estevez star in in the same year as Nightmares,1.0,0.5,0.6934264036172708,0.0,1,14,1.25,In which film did Emilio Estevez star in in the same year as Nightmares,Wisdom (film) | Emilio Estevez | Nightmares (1983 film) | Here Not There | Rated X (film),Emilio Estevez | Nightmares (1983 film)
train,BM25 keyword,bm25_keyword,5a89fea655429970aeb701eb,In which film did Emilio Estevez star in in the same year as Nightmares,0.5,0.5,0.38685280723454163,0.0,1,7,0.75,film emilio estevez star same year nightmares,Wisdom (film) | Nightmares (1983 film) | Here Not There | The Way (2010 film) | Dollar for the Dead,Emilio Estevez | Nightmares (1983 film)
train,Dense original,dense_keep,5a89fea655429970aeb701eb,In which film did Emilio Estevez star in in the same year as Nightmares,1.0,1.0,1.0,0.0,1,14,1.5,In which film did Emilio Estevez star in in the same year as Nightmares,Nightmares (1983 film) | Emilio Estevez | Joe Estevez | The Way (2010 film) | Wisdom (film),Emilio Estevez | Nightmares (1983 film)
train,Dense keyword,dense_keyword,5a89fea655429970aeb701eb,In which film did Emilio Estevez star in in the same year as Nightmares,1.0,1.0,1.0,0.0,1,7,1.5,film emilio estevez star same year nightmares,Nightmares (1983 film) | Emilio Estevez | Joe Estevez | The Way (2010 film) | Wisdom (film),Emilio Estevez | Nightmares (1983 film)
train,Hybrid original,hybrid_keep,5a89fea655429970aeb701eb,In which film did Emilio Estevez star in in the same year as Nightmares,1.0,1.0,0.9197207891481876,0.03,2,14,1.47,In which film did Emilio Estevez star in in the same year as Nightmares,Nightmares (1983 film) | Wisdom (film) | Emilio Estevez | Joe Estevez | Here Not There,Emilio Estevez | Nightmares (1983 film)
train,Hybrid keyword,hybrid_keyword,5a89fea655429970aeb701eb,In which film did Emilio Estevez star in in the same year as Nightmares,1.0,1.0,0.9197207891481876,0.03,2,7,1.47,film emilio estevez star same year nightmares,Nightmares (1983 film) | Wisdom (film) | Emilio Estevez | The Way (2010 film) | Here Not There,Emilio Estevez | Nightmares (1983 film)
train,Gemini rewrite action,bm25_llm_rewrite,5a89fea655429970aeb701eb,In which film did Emilio Estevez star in in the same year as Nightmares,1.0,1.0,1.0,1.06,1,7,0.43999999999999995,Emilio Estevez films same year as Nightmares,Nightmares (1983 film) | Emilio Estevez | Wisdom (film) | Here Not There | Joe Estevez,Emilio Estevez | Nightmares (1983 film)
train,Gemini decompose action,bm25_llm_decompose,5a89fea655429970aeb701eb,In which film did Emilio Estevez star in in the same year as Nightmares,1.0,1.0,0.8772153153380493,1.09,2,7,0.4099999999999999,Nightmares (1983 film) || Emilio Estevez filmography,Nightmares (1983 film) | Joe Estevez | The Way (2010 film) | Emilio Estevez | Culture Clash in AmeriCCa,Emilio Estevez | Nightmares (1983 film)
train,Train-best retrieval action,dense_keyword,5a89fea655429970aeb701eb,In which film did Emilio Estevez star in in the same year as Nightmares,1.0,1.0,1.0,0.0,1,7,1.5,film emilio estevez star same year nightmares,Nightmares (1983 film) | Emilio Estevez | Joe Estevez | The Way (2010 film) | Wisdom (film),Emilio Estevez | Nightmares (1983 film)
train,Selective retrieval policy,dense_keep,5a89fea655429970aeb701eb,In which film did Emilio Estevez star in in the same year as Nightmares,1.0,1.0,1.0,0.0,1,14,1.5,In which film did Emilio Estevez star in in the same year as Nightmares,Nightmares (1983 film) | Emilio Estevez | Joe Estevez | The Way (2010 film) | Wisdom (film),Emilio Estevez | Nightmares (1983 film)
train,Oracle retrieval action,dense_keep,5a89fea655429970aeb701eb,In which film did Emilio Estevez star in in the same year as Nightmares,1.0,1.0,1.0,0.0,1,14,1.5,In which film did Emilio Estevez star in in the same year as Nightmares,Nightmares (1983 film) | Emilio Estevez | Joe Estevez | The Way (2010 film) | Wisdom (film),Emilio Estevez | Nightmares (1983 film)
test,Vanilla BM25,bm25_keep,5a80cf4c55429938b61421f6,What was the concept of the business Eric S .Pistorius worked for after being an attorney?,0.5,1.0,0.6131471927654584,0.0,1,16,1.0,What was the concept of the business Eric S .Pistorius worked for after being an attorney?,"Eric S. Pistorius | Peter Deegan | Bryan Schroder | Eliot Spitzer | Lloyd Kenyon, 1st Baron Kenyon",Circuit court | Eric S. Pistorius
test,BM25 keyword,bm25_keyword,5a80cf4c55429938b61421f6,What was the concept of the business Eric S .Pistorius worked for after being an attorney?,0.5,1.0,0.6131471927654584,0.0,1,9,1.0,concept business eric s pistorius worked after being attorney,Eric S. Pistorius | Peter Deegan | Eliot Spitzer | Commissioner v. Flowers | Bryan Schroder,Circuit court | Eric S. Pistorius
test,Dense original,dense_keep,5a80cf4c55429938b61421f6,What was the concept of the business Eric S .Pistorius worked for after being an attorney?,0.5,1.0,0.6131471927654584,0.0,1,16,1.0,What was the concept of the business Eric S .Pistorius worked for after being an attorney?,Eric S. Pistorius | Commissioner v. Flowers | Bryan Schroder | North Carolina Attorney General | Eliot Spitzer,Circuit court | Eric S. Pistorius
test,Dense keyword,dense_keyword,5a80cf4c55429938b61421f6,What was the concept of the business Eric S .Pistorius worked for after being an attorney?,0.5,1.0,0.6131471927654584,0.0,1,9,1.0,concept business eric s pistorius worked after being attorney,Eric S. Pistorius | Commissioner v. Flowers | Bryan Schroder | North Carolina Attorney General | Peter Deegan,Circuit court | Eric S. Pistorius
test,Hybrid original,hybrid_keep,5a80cf4c55429938b61421f6,What was the concept of the business Eric S .Pistorius worked for after being an attorney?,0.5,1.0,0.6131471927654584,0.03,2,16,0.97,What was the concept of the business Eric S .Pistorius worked for after being an attorney?,Eric S. Pistorius | Bryan Schroder | Commissioner v. Flowers | Peter Deegan | Eliot Spitzer,Circuit court | Eric S. Pistorius
test,Hybrid keyword,hybrid_keyword,5a80cf4c55429938b61421f6,What was the concept of the business Eric S .Pistorius worked for after being an attorney?,0.5,1.0,0.6131471927654584,0.03,2,9,0.97,concept business eric s pistorius worked after being attorney,Eric S. Pistorius | Commissioner v. Flowers | Peter Deegan | Bryan Schroder | Eliot Spitzer,Circuit court | Eric S. Pistorius
test,Gemini rewrite action,bm25_llm_rewrite,5a80cf4c55429938b61421f6,What was the concept of the business Eric S .Pistorius worked for after being an attorney?,0.5,1.0,0.6131471927654584,1.04,1,4,-0.040000000000000036,Eric S. Pistorius business,Eric S. Pistorius | Commissioner v. Flowers | Peter Deegan | Loretta Lynch | North Carolina Attorney General,Circuit court | Eric S. Pistorius
test,Gemini decompose action,bm25_llm_decompose,5a80cf4c55429938b61421f6,What was the concept of the business Eric S .Pistorius worked for after being an attorney?,1.0,1.0,1.0,1.1300000000000001,2,11,0.3699999999999999,Eric S. Pistorius career after attorney || [Business Name] business concept,Eric S. Pistorius | Circuit court | Peter Deegan | Commissioner v. Flowers | Loretta Lynch,Circuit court | Eric S. Pistorius
test,Train-best retrieval action,dense_keyword,5a80cf4c55429938b61421f6,What was the concept of the business Eric S .Pistorius worked for after being an attorney?,0.5,1.0,0.6131471927654584,0.0,1,9,1.0,concept business eric s pistorius worked after being attorney,Eric S. Pistorius | Commissioner v. Flowers | Bryan Schroder | North Carolina Attorney General | Peter Deegan,Circuit court | Eric S. Pistorius
test,Selective retrieval policy,bm25_keep,5a80cf4c55429938b61421f6,What was the concept of the business Eric S .Pistorius worked for after being an attorney?,0.5,1.0,0.6131471927654584,0.0,1,16,1.0,What was the concept of the business Eric S .Pistorius worked for after being an attorney?,"Eric S. Pistorius | Peter Deegan | Bryan Schroder | Eliot Spitzer | Lloyd Kenyon, 1st Baron Kenyon",Circuit court | Eric S. Pistorius
test,Oracle retrieval action,bm25_keep,5a80cf4c55429938b61421f6,What was the concept of the business Eric S .Pistorius worked for after being an attorney?,0.5,1.0,0.6131471927654584,0.0,1,16,1.0,What was the concept of the business Eric S .Pistorius worked for after being an attorney?,"Eric S. Pistorius | Peter Deegan | Bryan Schroder | Eliot Spitzer | Lloyd Kenyon, 1st Baron Kenyon",Circuit court | Eric S. Pistorius
test,Vanilla BM25,bm25_keep,5a89b1de5542992e4fca8378,Which port city lies approximately 25 km north of the Lingnan Fine Arts Museum?,1.0,1.0,1.0,0.0,1,14,1.5,Which port city lies approximately 25 km north of the Lingnan Fine Arts Museum?,"Lingnan Fine Arts Museum | Taipei | Postawele | Wrzosówka, Świętokrzyskie Voivodeship | Synkowce",Lingnan Fine Arts Museum | Taipei
test,BM25 keyword,bm25_keyword,5a89b1de5542992e4fca8378,Which port city lies approximately 25 km north of the Lingnan Fine Arts Museum?,1.0,1.0,1.0,0.0,1,11,1.5,port city lies approximately 25 km north lingnan fine arts museum,"Lingnan Fine Arts Museum | Taipei | Wrzosówka, Świętokrzyskie Voivodeship | Postawele | Synkowce",Lingnan Fine Arts Museum | Taipei
test,Dense original,dense_keep,5a89b1de5542992e4fca8378,Which port city lies approximately 25 km north of the Lingnan Fine Arts Museum?,1.0,1.0,1.0,0.0,1,14,1.5,Which port city lies approximately 25 km north of the Lingnan Fine Arts Museum?,Lingnan Fine Arts Museum | Taipei | Synkowce | Wujaki | Czarna Dąbrówka,Lingnan Fine Arts Museum | Taipei
test,Dense keyword,dense_keyword,5a89b1de5542992e4fca8378,Which port city lies approximately 25 km north of the Lingnan Fine Arts Museum?,1.0,1.0,1.0,0.0,1,11,1.5,port city lies approximately 25 km north lingnan fine arts museum,Lingnan Fine Arts Museum | Taipei | Synkowce | Wujaki | Czarna Dąbrówka,Lingnan Fine Arts Museum | Taipei
test,Hybrid original,hybrid_keep,5a89b1de5542992e4fca8378,Which port city lies approximately 25 km north of the Lingnan Fine Arts Museum?,1.0,1.0,1.0,0.03,2,14,1.47,Which port city lies approximately 25 km north of the Lingnan Fine Arts Museum?,"Lingnan Fine Arts Museum | Taipei | Synkowce | Postawele | Wrzosówka, Świętokrzyskie Voivodeship",Lingnan Fine Arts Museum | Taipei
test,Hybrid keyword,hybrid_keyword,5a89b1de5542992e4fca8378,Which port city lies approximately 25 km north of the Lingnan Fine Arts Museum?,1.0,1.0,1.0,0.03,2,11,1.47,port city lies approximately 25 km north lingnan fine arts museum,"Lingnan Fine Arts Museum | Taipei | Synkowce | Wrzosówka, Świętokrzyskie Voivodeship | Postawele",Lingnan Fine Arts Museum | Taipei
test,Gemini rewrite action,bm25_llm_rewrite,5a89b1de5542992e4fca8378,Which port city lies approximately 25 km north of the Lingnan Fine Arts Museum?,1.0,1.0,1.0,1.07,1,7,0.42999999999999994,Lingnan Fine Arts Museum port city north,"Lingnan Fine Arts Museum | Taipei | Postawele | Synkowce | Antolin, Biała Podlaska County",Lingnan Fine Arts Museum | Taipei
test,Gemini decompose action,bm25_llm_decompose,5a89b1de5542992e4fca8378,Which port city lies approximately 25 km north of the Lingnan Fine Arts Museum?,1.0,1.0,1.0,1.1400000000000001,2,12,0.3599999999999999,Lingnan Fine Arts Museum || Port cities north Lingnan Fine Arts Museum,"Lingnan Fine Arts Museum | Taipei | Postawele | Synkowce | Antolin, Biała Podlaska County",Lingnan Fine Arts Museum | Taipei
test,Train-best retrieval action,dense_keyword,5a89b1de5542992e4fca8378,Which port city lies approximately 25 km north of the Lingnan Fine Arts Museum?,1.0,1.0,1.0,0.0,1,11,1.5,port city lies approximately 25 km north lingnan fine arts museum,Lingnan Fine Arts Museum | Taipei | Synkowce | Wujaki | Czarna Dąbrówka,Lingnan Fine Arts Museum | Taipei
test,Selective retrieval policy,hybrid_keep,5a89b1de5542992e4fca8378,Which port city lies approximately 25 km north of the Lingnan Fine Arts Museum?,1.0,1.0,1.0,0.03,2,14,1.47,Which port city lies approximately 25 km north of the Lingnan Fine Arts Museum?,"Lingnan Fine Arts Museum | Taipei | Synkowce | Postawele | Wrzosówka, Świętokrzyskie Voivodeship",Lingnan Fine Arts Museum | Taipei
test,Oracle retrieval action,bm25_keep,5a89b1de5542992e4fca8378,Which port city lies approximately 25 km north of the Lingnan Fine Arts Museum?,1.0,1.0,1.0,0.0,1,14,1.5,Which port city lies approximately 25 km north of the Lingnan Fine Arts Museum?,"Lingnan Fine Arts Museum | Taipei | Postawele | Wrzosówka, Świętokrzyskie Voivodeship | Synkowce",Lingnan Fine Arts Museum | Taipei
test,Vanilla BM25,bm25_keep,5a8778d25542994846c1cd89,Has Stefan Edberg won more events than  Édouard Roger-Vasselin?,0.5,1.0,0.6131471927654584,0.0,1,9,1.0,Has Stefan Edberg won more events than  Édouard Roger-Vasselin?,Édouard Roger-Vasselin | 2012 Trophée des Alpilles – Doubles | 2011 BNP Paribas Primrose Bordeaux – Doubles | 2016 Moselle Open – Doubles | 2014 Hall of Fame Tennis Championships – Doubles,Stefan Edberg | Édouard Roger-Vasselin
test,BM25 keyword,bm25_keyword,5a8778d25542994846c1cd89,Has Stefan Edberg won more events than  Édouard Roger-Vasselin?,0.5,1.0,0.6131471927654584,0.0,1,9,1.0,stefan edberg won more events than douard roger vasselin,Édouard Roger-Vasselin | 2012 Trophée des Alpilles – Doubles | 2011 BNP Paribas Primrose Bordeaux – Doubles | 2016 Moselle Open – Doubles | 2014 Hall of Fame Tennis Championships – Doubles,Stefan Edberg | Édouard Roger-Vasselin
test,Dense original,dense_keep,5a8778d25542994846c1cd89,Has Stefan Edberg won more events than  Édouard Roger-Vasselin?,1.0,0.5,0.6509209298071326,0.0,1,9,1.25,Has Stefan Edberg won more events than  Édouard Roger-Vasselin?,Edberg–Lendl rivalry | Stefan Edberg | Becker–Edberg rivalry | Édouard Roger-Vasselin | 2012 Trophée des Alpilles – Doubles,Stefan Edberg | Édouard Roger-Vasselin
test,Dense keyword,dense_keyword,5a8778d25542994846c1cd89,Has Stefan Edberg won more events than  Édouard Roger-Vasselin?,1.0,0.5,0.6509209298071326,0.0,1,9,1.25,stefan edberg won more events than douard roger vasselin,Edberg–Lendl rivalry | Stefan Edberg | Becker–Edberg rivalry | Édouard Roger-Vasselin | 1992 US Open – Men's Singles,Stefan Edberg | Édouard Roger-Vasselin
test,Hybrid original,hybrid_keep,5a8778d25542994846c1cd89,Has Stefan Edberg won more events than  Édouard Roger-Vasselin?,1.0,1.0,0.8772153153380493,0.03,2,9,1.47,Has Stefan Edberg won more events than  Édouard Roger-Vasselin?,Édouard Roger-Vasselin | Edberg–Lendl rivalry | 2012 Trophée des Alpilles – Doubles | Stefan Edberg | 2011 BNP Paribas Primrose Bordeaux – Doubles,Stefan Edberg | Édouard Roger-Vasselin
test,Hybrid keyword,hybrid_keyword,5a8778d25542994846c1cd89,Has Stefan Edberg won more events than  Édouard Roger-Vasselin?,1.0,1.0,0.8772153153380493,0.03,2,9,1.47,stefan edberg won more events than douard roger vasselin,Édouard Roger-Vasselin | Edberg–Lendl rivalry | 2012 Trophée des Alpilles – Doubles | Stefan Edberg | 2011 BNP Paribas Primrose Bordeaux – Doubles,Stefan Edberg | Édouard Roger-Vasselin
test,Gemini rewrite action,bm25_llm_rewrite,5a8778d25542994846c1cd89,Has Stefan Edberg won more events than  Édouard Roger-Vasselin?,0.5,1.0,0.6131471927654584,1.05,1,4,-0.050000000000000044,Stefan Edberg Édouard Roger-Vasselin,Édouard Roger-Vasselin | 2011 BNP Paribas Primrose Bordeaux – Doubles | 2012 Trophée des Alpilles – Doubles | 2016 Moselle Open – Doubles | 2014 Hall of Fame Tennis Championships – Doubles,Stefan Edberg | Édouard Roger-Vasselin
test,Gemini decompose action,bm25_llm_decompose,5a8778d25542994846c1cd89,Has Stefan Edberg won more events than  Édouard Roger-Vasselin?,1.0,1.0,1.0,1.1,2,7,0.3999999999999999,Stefan Edberg titles || Édouard Roger-Vasselin titles,Stefan Edberg | Édouard Roger-Vasselin | 2011 BNP Paribas Primrose Bordeaux – Doubles | 2012 Trophée des Alpilles – Doubles | 2016 Moselle Open – Doubles,Stefan Edberg | Édouard Roger-Vasselin
test,Train-best retrieval action,dense_keyword,5a8778d25542994846c1cd89,Has Stefan Edberg won more events than  Édouard Roger-Vasselin?,1.0,0.5,0.6509209298071326,0.0,1,9,1.25,stefan edberg won more events than douard roger vasselin,Edberg–Lendl rivalry | Stefan Edberg | Becker–Edberg rivalry | Édouard Roger-Vasselin | 1992 US Open – Men's Singles,Stefan Edberg | Édouard Roger-Vasselin
test,Selective retrieval policy,dense_keyword,5a8778d25542994846c1cd89,Has Stefan Edberg won more events than  Édouard Roger-Vasselin?,1.0,0.5,0.6509209298071326,0.0,1,9,1.25,stefan edberg won more events than douard roger vasselin,Edberg–Lendl rivalry | Stefan Edberg | Becker–Edberg rivalry | Édouard Roger-Vasselin | 1992 US Open – Men's Singles,Stefan Edberg | Édouard Roger-Vasselin
test,Oracle retrieval action,hybrid_keep,5a8778d25542994846c1cd89,Has Stefan Edberg won more events than  Édouard Roger-Vasselin?,1.0,1.0,0.8772153153380493,0.03,2,9,1.47,Has Stefan Edberg won more events than  Édouard Roger-Vasselin?,Édouard Roger-Vasselin | Edberg–Lendl rivalry | 2012 Trophée des Alpilles – Doubles | Stefan Edberg | 2011 BNP Paribas Primrose Bordeaux – Doubles,Stefan Edberg | Édouard Roger-Vasselin
test,Vanilla BM25,bm25_keep,5a77897f55429949eeb29edc," Jason Regler, stated that he had the idea for the flashing wristbands during a song built around which instrument ?",0.5,1.0,0.6131471927654584,0.0,1,20,1.0,"Jason Regler, stated that he had the idea for the flashing wristbands during a song built around which instrument ?",Xyloband | Talk Dirty (Jason Derulo song) | World Faith | Quogue (LIRR station) | Ask (The Smiths song),Fix You | Xyloband
test,BM25 keyword,bm25_keyword,5a77897f55429949eeb29edc," Jason Regler, stated that he had the idea for the flashing wristbands during a song built around which instrument ?",0.5,1.0,0.6131471927654584,0.0,1,11,1.0,jason regler stated idea flashing wristbands during song built around instrument,Xyloband | Talk Dirty (Jason Derulo song) | World Faith | Octobass | Applause (Lady Gaga song),Fix You | Xyloband
test,Dense original,dense_keep,5a77897f55429949eeb29edc," Jason Regler, stated that he had the idea for the flashing wristbands during a song built around which instrument ?",1.0,1.0,0.9197207891481876,0.0,1,20,1.5,"Jason Regler, stated that he had the idea for the flashing wristbands during a song built around which instrument ?",Xyloband | Octobass | Fix You | Everyday (Ariana Grande song) | Talk Dirty (Jason Derulo song),Fix You | Xyloband
test,Dense keyword,dense_keyword,5a77897f55429949eeb29edc," Jason Regler, stated that he had the idea for the flashing wristbands during a song built around which instrument ?",1.0,1.0,0.9197207891481876,0.0,1,11,1.5,jason regler stated idea flashing wristbands during song built around instrument,Xyloband | Octobass | Fix You | Applause (Lady Gaga song) | Everyday (Ariana Grande song),Fix You | Xyloband
test,Hybrid original,hybrid_keep,5a77897f55429949eeb29edc," Jason Regler, stated that he had the idea for the flashing wristbands during a song built around which instrument ?",1.0,1.0,0.8772153153380493,0.03,2,20,1.47,"Jason Regler, stated that he had the idea for the flashing wristbands during a song built around which instrument ?",Xyloband | Talk Dirty (Jason Derulo song) | Octobass | Fix You | World Faith,Fix You | Xyloband
test,Hybrid keyword,hybrid_keyword,5a77897f55429949eeb29edc," Jason Regler, stated that he had the idea for the flashing wristbands during a song built around which instrument ?",1.0,1.0,0.8503449055347546,0.03,2,11,1.47,jason regler stated idea flashing wristbands during song built around instrument,Xyloband | Octobass | Talk Dirty (Jason Derulo song) | Applause (Lady Gaga song) | Fix You,Fix You | Xyloband
test,Gemini rewrite action,bm25_llm_rewrite,5a77897f55429949eeb29edc," Jason Regler, stated that he had the idea for the flashing wristbands during a song built around which instrument ?",0.5,1.0,0.6131471927654584,1.05,1,5,-0.050000000000000044,Jason Regler flashing wristbands instrument,Xyloband | Talk Dirty (Jason Derulo song) | Octobass | Applause (Lady Gaga song) | Everyday (Ariana Grande song),Fix You | Xyloband
test,Gemini decompose action,bm25_llm_decompose,5a77897f55429949eeb29edc," Jason Regler, stated that he had the idea for the flashing wristbands during a song built around which instrument ?",0.5,1.0,0.6131471927654584,1.1300000000000001,2,11,-0.13000000000000012,Jason Regler flashing wristbands origin || Jason Regler Xylobands instrument inspiration,Xyloband | Talk Dirty (Jason Derulo song) | Octobass | Applause (Lady Gaga song) | Everyday (Ariana Grande song),Fix You | Xyloband
test,Train-best retrieval action,dense_keyword,5a77897f55429949eeb29edc," Jason Regler, stated that he had the idea for the flashing wristbands during a song built around which instrument ?",1.0,1.0,0.9197207891481876,0.0,1,11,1.5,jason regler stated idea flashing wristbands during song built around instrument,Xyloband | Octobass | Fix You | Applause (Lady Gaga song) | Everyday (Ariana Grande song),Fix You | Xyloband
test,Selective retrieval policy,hybrid_keep,5a77897f55429949eeb29edc," Jason Regler, stated that he had the idea for the flashing wristbands during a song built around which instrument ?",1.0,1.0,0.8772153153380493,0.03,2,20,1.47,"Jason Regler, stated that he had the idea for the flashing wristbands during a song built around which instrument ?",Xyloband | Talk Dirty (Jason Derulo song) | Octobass | Fix You | World Faith,Fix You | Xyloband
test,Oracle retrieval action,dense_keep,5a77897f55429949eeb29edc," Jason Regler, stated that he had the idea for the flashing wristbands during a song built around which instrument ?",1.0,1.0,0.9197207891481876,0.0,1,20,1.5,"Jason Regler, stated that he had the idea for the flashing wristbands during a song built around which instrument ?",Xyloband | Octobass | Fix You | Everyday (Ariana Grande song) | Talk Dirty (Jason Derulo song),Fix You | Xyloband
test,Vanilla BM25,bm25_keep,5ae0132d55429925eb1afc00, The Soul of Buddha is a 1918 American silent romance film shot in a borough  that is the western terminus of what?,1.0,1.0,1.0,0.0,1,22,1.5,The Soul of Buddha is a 1918 American silent romance film shot in a borough  that is the western terminus of what?,"The Soul of Buddha | Fort Lee, New Jersey | Young Romance (film) | Broadway Love | The Grain of Dust (1918 film)","Fort Lee, New Jersey | The Soul of Buddha"
test,BM25 keyword,bm25_keyword,5ae0132d55429925eb1afc00, The Soul of Buddha is a 1918 American silent romance film shot in a borough  that is the western terminus of what?,1.0,1.0,1.0,0.0,1,11,1.5,soul buddha 1918 american silent romance film shot borough western terminus,"The Soul of Buddha | Fort Lee, New Jersey | The Grain of Dust (1918 film) | Young Romance (film) | Broadway Love","Fort Lee, New Jersey | The Soul of Buddha"
test,Dense original,dense_keep,5ae0132d55429925eb1afc00, The Soul of Buddha is a 1918 American silent romance film shot in a borough  that is the western terminus of what?,0.5,1.0,0.6131471927654584,0.0,1,22,1.0,The Soul of Buddha is a 1918 American silent romance film shot in a borough  that is the western terminus of what?,The Soul of Buddha | Out of a Clear Sky | Broadway Love | Young Romance (film) | Old Heidelberg (1915 film),"Fort Lee, New Jersey | The Soul of Buddha"
test,Dense keyword,dense_keyword,5ae0132d55429925eb1afc00, The Soul of Buddha is a 1918 American silent romance film shot in a borough  that is the western terminus of what?,0.5,1.0,0.6131471927654584,0.0,1,11,1.0,soul buddha 1918 american silent romance film shot borough western terminus,The Soul of Buddha | Out of a Clear Sky | Young Romance (film) | Broadway Love | Old Heidelberg (1915 film),"Fort Lee, New Jersey | The Soul of Buddha"
test,Hybrid original,hybrid_keep,5ae0132d55429925eb1afc00, The Soul of Buddha is a 1918 American silent romance film shot in a borough  that is the western terminus of what?,1.0,1.0,0.8772153153380493,0.03,2,22,1.47,The Soul of Buddha is a 1918 American silent romance film shot in a borough  that is the western terminus of what?,"The Soul of Buddha | Broadway Love | Young Romance (film) | Fort Lee, New Jersey | Out of a Clear Sky","Fort Lee, New Jersey | The Soul of Buddha"
test,Hybrid keyword,hybrid_keyword,5ae0132d55429925eb1afc00, The Soul of Buddha is a 1918 American silent romance film shot in a borough  that is the western terminus of what?,1.0,1.0,0.9197207891481876,0.03,2,11,1.47,soul buddha 1918 american silent romance film shot borough western terminus,"The Soul of Buddha | Young Romance (film) | Fort Lee, New Jersey | Out of a Clear Sky | Broadway Love","Fort Lee, New Jersey | The Soul of Buddha"
test,Gemini rewrite action,bm25_llm_rewrite,5ae0132d55429925eb1afc00, The Soul of Buddha is a 1918 American silent romance film shot in a borough  that is the western terminus of what?,1.0,1.0,1.0,1.08,1,10,0.41999999999999993,The Soul of Buddha 1918 film filming location western terminus,"The Soul of Buddha | Fort Lee, New Jersey | The Grain of Dust (1918 film) | Barbed Wire (1927 film) | Old Heidelberg (1915 film)","Fort Lee, New Jersey | The Soul of Buddha"
test,Gemini decompose action,bm25_llm_decompose,5ae0132d55429925eb1afc00, The Soul of Buddha is a 1918 American silent romance film shot in a borough  that is the western terminus of what?,1.0,1.0,1.0,1.1,2,10,0.3999999999999999,The Soul of Buddha (1918 film) || boroughs western terminus,"The Soul of Buddha | Fort Lee, New Jersey | The Grain of Dust (1918 film) | Barbed Wire (1927 film) | Old Heidelberg (1915 film)","Fort Lee, New Jersey | The Soul of Buddha"
test,Train-best retrieval action,dense_keyword,5ae0132d55429925eb1afc00, The Soul of Buddha is a 1918 American silent romance film shot in a borough  that is the western terminus of what?,0.5,1.0,0.6131471927654584,0.0,1,11,1.0,soul buddha 1918 american silent romance film shot borough western terminus,The Soul of Buddha | Out of a Clear Sky | Young Romance (film) | Broadway Love | Old Heidelberg (1915 film),"Fort Lee, New Jersey | The Soul of Buddha"
test,Selective retrieval policy,bm25_keyword,5ae0132d55429925eb1afc00, The Soul of Buddha is a 1918 American silent romance film shot in a borough  that is the western terminus of what?,1.0,1.0,1.0,0.0,1,11,1.5,soul buddha 1918 american silent romance film shot borough western terminus,"The Soul of Buddha | Fort Lee, New Jersey | The Grain of Dust (1918 film) | Young Romance (film) | Broadway Love","Fort Lee, New Jersey | The Soul of Buddha"
test,Oracle retrieval action,bm25_keep,5ae0132d55429925eb1afc00, The Soul of Buddha is a 1918 American silent romance film shot in a borough  that is the western terminus of what?,1.0,1.0,1.0,0.0,1,22,1.5,The Soul of Buddha is a 1918 American silent romance film shot in a borough  that is the western terminus of what?,"The Soul of Buddha | Fort Lee, New Jersey | Young Romance (film) | Broadway Love | The Grain of Dust (1918 film)","Fort Lee, New Jersey | The Soul of Buddha"
test,Vanilla BM25,bm25_keep,5a7129685542994082a3e5fa,"Which ""Blackzilians"" fighter is currently competing in the Middleweight division of Ultimate Fighting Championship?",0.5,0.25,0.2640681225725909,0.0,1,14,0.625,"Which ""Blackzilians"" fighter is currently competing in the Middleweight division of Ultimate Fighting Championship?",Luke Zachrich | David Branch (fighter) | Rashad Evans | Vitor Belfort | Sam Alvey,Blackzilians | Vitor Belfort
test,BM25 keyword,bm25_keyword,5a7129685542994082a3e5fa,"Which ""Blackzilians"" fighter is currently competing in the Middleweight division of Ultimate Fighting Championship?",0.5,1.0,0.6131471927654584,0.0,1,9,1.0,blackzilians fighter currently competing middleweight division ultimate fighting championship,Blackzilians | Jack Marshman | David Branch (fighter) | Rashad Evans | Kelvin Gastelum,Blackzilians | Vitor Belfort
test,Dense original,dense_keep,5a7129685542994082a3e5fa,"Which ""Blackzilians"" fighter is currently competing in the Middleweight division of Ultimate Fighting Championship?",1.0,1.0,0.9197207891481876,0.0,1,14,1.5,"Which ""Blackzilians"" fighter is currently competing in the Middleweight division of Ultimate Fighting Championship?",Blackzilians | Kelvin Gastelum | Vitor Belfort | Sam Alvey | David Branch (fighter),Blackzilians | Vitor Belfort
test,Dense keyword,dense_keyword,5a7129685542994082a3e5fa,"Which ""Blackzilians"" fighter is currently competing in the Middleweight division of Ultimate Fighting Championship?",1.0,1.0,0.8772153153380493,0.0,1,9,1.5,blackzilians fighter currently competing middleweight division ultimate fighting championship,Blackzilians | Kelvin Gastelum | Sam Alvey | Vitor Belfort | David Branch (fighter),Blackzilians | Vitor Belfort
test,Hybrid original,hybrid_keep,5a7129685542994082a3e5fa,"Which ""Blackzilians"" fighter is currently competing in the Middleweight division of Ultimate Fighting Championship?",1.0,1.0,0.8772153153380493,0.03,2,14,1.47,"Which ""Blackzilians"" fighter is currently competing in the Middleweight division of Ultimate Fighting Championship?",Blackzilians | Luke Zachrich | David Branch (fighter) | Vitor Belfort | Kelvin Gastelum,Blackzilians | Vitor Belfort
test,Hybrid keyword,hybrid_keyword,5a7129685542994082a3e5fa,"Which ""Blackzilians"" fighter is currently competing in the Middleweight division of Ultimate Fighting Championship?",0.5,1.0,0.6131471927654584,0.03,2,9,0.97,blackzilians fighter currently competing middleweight division ultimate fighting championship,Blackzilians | Kelvin Gastelum | David Branch (fighter) | Jack Marshman | Sam Alvey,Blackzilians | Vitor Belfort
test,Gemini rewrite action,bm25_llm_rewrite,5a7129685542994082a3e5fa,"Which ""Blackzilians"" fighter is currently competing in the Middleweight division of Ultimate Fighting Championship?",1.0,1.0,0.9197207891481876,1.05,1,5,0.44999999999999996,Blackzilians UFC Middleweight active fighters,Blackzilians | Luke Barnatt | Vitor Belfort | Kelvin Gastelum | Jack Marshman,Blackzilians | Vitor Belfort
test,Gemini decompose action,bm25_llm_decompose,5a7129685542994082a3e5fa,"Which ""Blackzilians"" fighter is currently competing in the Middleweight division of Ultimate Fighting Championship?",1.0,1.0,0.9197207891481876,1.11,2,9,0.3899999999999999,Blackzilians UFC Middleweight fighters || UFC Middleweight current roster,Blackzilians | Luke Barnatt | Vitor Belfort | Kelvin Gastelum | Jack Marshman,Blackzilians | Vitor Belfort
test,Train-best retrieval action,dense_keyword,5a7129685542994082a3e5fa,"Which ""Blackzilians"" fighter is currently competing in the Middleweight division of Ultimate Fighting Championship?",1.0,1.0,0.8772153153380493,0.0,1,9,1.5,blackzilians fighter currently competing middleweight division ultimate fighting championship,Blackzilians | Kelvin Gastelum | Sam Alvey | Vitor Belfort | David Branch (fighter),Blackzilians | Vitor Belfort
test,Selective retrieval policy,dense_keyword,5a7129685542994082a3e5fa,"Which ""Blackzilians"" fighter is currently competing in the Middleweight division of Ultimate Fighting Championship?",1.0,1.0,0.8772153153380493,0.0,1,9,1.5,blackzilians fighter currently competing middleweight division ultimate fighting championship,Blackzilians | Kelvin Gastelum | Sam Alvey | Vitor Belfort | David Branch (fighter),Blackzilians | Vitor Belfort
test,Oracle retrieval action,dense_keep,5a7129685542994082a3e5fa,"Which ""Blackzilians"" fighter is currently competing in the Middleweight division of Ultimate Fighting Championship?",1.0,1.0,0.9197207891481876,0.0,1,14,1.5,"Which ""Blackzilians"" fighter is currently competing in the Middleweight division of Ultimate Fighting Championship?",Blackzilians | Kelvin Gastelum | Vitor Belfort | Sam Alvey | David Branch (fighter),Blackzilians | Vitor Belfort
test,Vanilla BM25,bm25_keep,5ae762835542997b22f6a711,"Were was the Mexican state after which there is Villa Unión, Sinaloa located? ",1.0,1.0,0.9197207891481876,0.0,1,13,1.5,"Were was the Mexican state after which there is Villa Unión, Sinaloa located?","Villa Unión, Sinaloa | Villa Unión, Coahuila | Mazatlán | Estado de Occidente | Operation Sinaloa","Mazatlán | Villa Unión, Sinaloa"
test,BM25 keyword,bm25_keyword,5ae762835542997b22f6a711,"Were was the Mexican state after which there is Villa Unión, Sinaloa located? ",1.0,1.0,0.9197207891481876,0.0,1,9,1.5,mexican state after there villa uni n sinaloa located,"Villa Unión, Sinaloa | Villa Unión, Coahuila | Mazatlán | Villa Unión, Santiago del Estero | Villa Unión","Mazatlán | Villa Unión, Sinaloa"
test,Dense original,dense_keep,5ae762835542997b22f6a711,"Were was the Mexican state after which there is Villa Unión, Sinaloa located? ",0.5,1.0,0.6131471927654584,0.0,1,13,1.0,"Were was the Mexican state after which there is Villa Unión, Sinaloa located?","Villa Unión, Sinaloa | Villa Unión, Coahuila | Villa Unión | Villa Unión, Santiago del Estero | Estado de Occidente","Mazatlán | Villa Unión, Sinaloa"
test,Dense keyword,dense_keyword,5ae762835542997b22f6a711,"Were was the Mexican state after which there is Villa Unión, Sinaloa located? ",1.0,1.0,1.0,0.0,1,9,1.5,mexican state after there villa uni n sinaloa located,"Villa Unión, Sinaloa | Mazatlán | Estado de Occidente | Villa Unión, Coahuila | Villa Unión","Mazatlán | Villa Unión, Sinaloa"
test,Hybrid original,hybrid_keep,5ae762835542997b22f6a711,"Were was the Mexican state after which there is Villa Unión, Sinaloa located? ",1.0,1.0,0.8772153153380493,0.03,2,13,1.47,"Were was the Mexican state after which there is Villa Unión, Sinaloa located?","Villa Unión, Sinaloa | Villa Unión, Coahuila | Estado de Occidente | Mazatlán | Villa Unión","Mazatlán | Villa Unión, Sinaloa"
test,Hybrid keyword,hybrid_keyword,5ae762835542997b22f6a711,"Were was the Mexican state after which there is Villa Unión, Sinaloa located? ",1.0,1.0,1.0,0.03,2,9,1.47,mexican state after there villa uni n sinaloa located,"Villa Unión, Sinaloa | Mazatlán | Villa Unión, Coahuila | Villa Unión | Estado de Occidente","Mazatlán | Villa Unión, Sinaloa"
test,Gemini rewrite action,bm25_llm_rewrite,5ae762835542997b22f6a711,"Were was the Mexican state after which there is Villa Unión, Sinaloa located? ",0.5,0.25,0.2640681225725909,1.07,1,6,-0.44500000000000006,"Villa Unión, Sinaloa namesake Mexican state","Villa Unión, Coahuila | Villa Unión, Santiago del Estero | Villa Unión | Villa Unión, Sinaloa | Mitre Department","Mazatlán | Villa Unión, Sinaloa"
test,Gemini decompose action,bm25_llm_decompose,5ae762835542997b22f6a711,"Were was the Mexican state after which there is Villa Unión, Sinaloa located? ",0.5,0.25,0.2640681225725909,1.1300000000000001,2,9,-0.5050000000000001,"Mexican state Villa Unión || Villa Unión, Sinaloa etymology","Villa Unión, Coahuila | Villa Unión, Santiago del Estero | Villa Unión | Villa Unión, Sinaloa | Mitre Department","Mazatlán | Villa Unión, Sinaloa"
test,Train-best retrieval action,dense_keyword,5ae762835542997b22f6a711,"Were was the Mexican state after which there is Villa Unión, Sinaloa located? ",1.0,1.0,1.0,0.0,1,9,1.5,mexican state after there villa uni n sinaloa located,"Villa Unión, Sinaloa | Mazatlán | Estado de Occidente | Villa Unión, Coahuila | Villa Unión","Mazatlán | Villa Unión, Sinaloa"
test,Selective retrieval policy,dense_keyword,5ae762835542997b22f6a711,"Were was the Mexican state after which there is Villa Unión, Sinaloa located? ",1.0,1.0,1.0,0.0,1,9,1.5,mexican state after there villa uni n sinaloa located,"Villa Unión, Sinaloa | Mazatlán | Estado de Occidente | Villa Unión, Coahuila | Villa Unión","Mazatlán | Villa Unión, Sinaloa"
test,Oracle retrieval action,bm25_keep,5ae762835542997b22f6a711,"Were was the Mexican state after which there is Villa Unión, Sinaloa located? ",1.0,1.0,0.9197207891481876,0.0,1,13,1.5,"Were was the Mexican state after which there is Villa Unión, Sinaloa located?","Villa Unión, Sinaloa | Villa Unión, Coahuila | Mazatlán | Estado de Occidente | Operation Sinaloa","Mazatlán | Villa Unión, Sinaloa"
test,Vanilla BM25,bm25_keep,5ae2f5b955429928c423957e,"What language, traditionally written with the ancient Libyco-Berber script, is closely related to the Tumzabt and Teggargrent languages?",1.0,1.0,1.0,0.0,1,18,1.5,"What language, traditionally written with the ancient Libyco-Berber script, is closely related to the Tumzabt and Teggargrent languages?",Berber languages | Tugurt language | Umbrian language | Berber orthography | Dyula language,Berber languages | Tugurt language
test,BM25 keyword,bm25_keyword,5ae2f5b955429928c423957e,"What language, traditionally written with the ancient Libyco-Berber script, is closely related to the Tumzabt and Teggargrent languages?",1.0,1.0,1.0,0.0,1,12,1.5,language traditionally written ancient libyco berber script closely related tumzabt teggargrent languages,Berber languages | Tugurt language | Berber orthography | Umbrian language | Dyula language,Berber languages | Tugurt language
test,Dense original,dense_keep,5ae2f5b955429928c423957e,"What language, traditionally written with the ancient Libyco-Berber script, is closely related to the Tumzabt and Teggargrent languages?",1.0,1.0,0.9197207891481876,0.0,1,18,1.5,"What language, traditionally written with the ancient Libyco-Berber script, is closely related to the Tumzabt and Teggargrent languages?",Berber languages | Berber orthography | Tugurt language | Rejang script | Horpa language,Berber languages | Tugurt language
test,Dense keyword,dense_keyword,5ae2f5b955429928c423957e,"What language, traditionally written with the ancient Libyco-Berber script, is closely related to the Tumzabt and Teggargrent languages?",1.0,1.0,0.9197207891481876,0.0,1,12,1.5,language traditionally written ancient libyco berber script closely related tumzabt teggargrent languages,Berber languages | Berber orthography | Tugurt language | Rejang script | Dyula language,Berber languages | Tugurt language
test,Hybrid original,hybrid_keep,5ae2f5b955429928c423957e,"What language, traditionally written with the ancient Libyco-Berber script, is closely related to the Tumzabt and Teggargrent languages?",1.0,1.0,1.0,0.03,2,18,1.47,"What language, traditionally written with the ancient Libyco-Berber script, is closely related to the Tumzabt and Teggargrent languages?",Berber languages | Tugurt language | Berber orthography | Umbrian language | Rejang script,Berber languages | Tugurt language
test,Hybrid keyword,hybrid_keyword,5ae2f5b955429928c423957e,"What language, traditionally written with the ancient Libyco-Berber script, is closely related to the Tumzabt and Teggargrent languages?",1.0,1.0,0.9197207891481876,0.03,2,12,1.47,language traditionally written ancient libyco berber script closely related tumzabt teggargrent languages,Berber languages | Berber orthography | Tugurt language | Dyula language | Rejang script,Berber languages | Tugurt language
test,Gemini rewrite action,bm25_llm_rewrite,5ae2f5b955429928c423957e,"What language, traditionally written with the ancient Libyco-Berber script, is closely related to the Tumzabt and Teggargrent languages?",1.0,1.0,0.9197207891481876,1.07,1,6,0.42999999999999994,Libyco-Berber script language related Tumzabt Teggargrent,Tugurt language | Berber orthography | Berber languages | Dyula language | Takri alphabet,Berber languages | Tugurt language
test,Gemini decompose action,bm25_llm_decompose,5ae2f5b955429928c423957e,"What language, traditionally written with the ancient Libyco-Berber script, is closely related to the Tumzabt and Teggargrent languages?",1.0,1.0,0.9197207891481876,1.11,2,8,0.3899999999999999,Tumzabt Teggargrent related languages || Libyco-Berber script languages,Tugurt language | Berber orthography | Berber languages | Mazanderani language | Umbrian language,Berber languages | Tugurt language
test,Train-best retrieval action,dense_keyword,5ae2f5b955429928c423957e,"What language, traditionally written with the ancient Libyco-Berber script, is closely related to the Tumzabt and Teggargrent languages?",1.0,1.0,0.9197207891481876,0.0,1,12,1.5,language traditionally written ancient libyco berber script closely related tumzabt teggargrent languages,Berber languages | Berber orthography | Tugurt language | Rejang script | Dyula language,Berber languages | Tugurt language
test,Selective retrieval policy,bm25_keep,5ae2f5b955429928c423957e,"What language, traditionally written with the ancient Libyco-Berber script, is closely related to the Tumzabt and Teggargrent languages?",1.0,1.0,1.0,0.0,1,18,1.5,"What language, traditionally written with the ancient Libyco-Berber script, is closely related to the Tumzabt and Teggargrent languages?",Berber languages | Tugurt language | Umbrian language | Berber orthography | Dyula language,Berber languages | Tugurt language
test,Oracle retrieval action,bm25_keep,5ae2f5b955429928c423957e,"What language, traditionally written with the ancient Libyco-Berber script, is closely related to the Tumzabt and Teggargrent languages?",1.0,1.0,1.0,0.0,1,18,1.5,"What language, traditionally written with the ancient Libyco-Berber script, is closely related to the Tumzabt and Teggargrent languages?",Berber languages | Tugurt language | Umbrian language | Berber orthography | Dyula language,Berber languages | Tugurt language
