dataset,qid,question,selected_action,train_best_action,oracle_action,policy_reward,train_best_reward,oracle_reward,policy_reward_delta_vs_train_best,policy_regret,oracle_margin_vs_train_best,oracle_margin_vs_second_best,candidate_action_reward_spread,oracle_tie_count,beats_train_best,matches_train_best_action,matches_oracle_action
nfcorpus,PLAIN-1983,rapamycin,dense_keyword,dense_keep,bm25_keep,0.65625,0.65625,0.65625,0.0,0.0,0.0,0.0,0.03,4,False,False,False
nfcorpus,PLAIN-2408,Zoloft,dense_keyword,dense_keep,bm25_keep,0.0,0.0,0.0,0.0,0.0,0.0,0.0,0.03,4,False,False,False
nfcorpus,PLAIN-123,How Citrus Might Help Keep Your Hands Warm,dense_keep,dense_keep,dense_keep,0.5196078431372549,0.5196078431372549,0.5196078431372549,0.0,0.0,0.0,0.03,0.519607843137,1,False,True,True
nfcorpus,PLAIN-1161,fava beans,dense_keep,dense_keep,bm25_keep,0.0,0.0,0.0,0.0,0.0,0.0,0.0,0.03,4,False,True,False
nfcorpus,PLAIN-817,canker sores,dense_keyword,dense_keep,bm25_keep,0.0,0.0,0.0,0.0,0.0,0.0,0.0,0.03,4,False,False,False
nfcorpus,PLAIN-2520,Caloric Restriction vs. Plant-Based Diets,bm25_keep,dense_keep,dense_keep,0.1523972602739726,0.1803652968036529,0.1803652968036529,-0.02796803653,0.02796803653,0.0,0.0,0.03,2,False,False,False
nfcorpus,PLAIN-1962,pumpkin,bm25_keep,dense_keep,bm25_keep,0.0,0.0,0.0,0.0,0.0,0.0,0.0,0.03,4,False,False,True
nfcorpus,PLAIN-1909,pork,dense_keyword,dense_keep,bm25_keep,0.5064794816414687,0.5064794816414687,0.5107991360691144,0.0,0.004319654428,0.004319654428,0.0,0.034319654428,2,False,False,False
nfcorpus,PLAIN-2690,Chronic Headaches and Pork Tapeworms,dense_keep,dense_keep,dense_keep,0.5697674418604651,0.5697674418604651,0.5697674418604651,0.0,0.0,0.0,0.0,0.296511627907,2,False,True,True
nfcorpus,PLAIN-2610,Treating Asthma With Plants vs. Supplements?,dense_keep,dense_keep,bm25_keep,0.2991803278688524,0.2991803278688524,0.5327868852459017,0.0,0.233606557377,0.233606557377,0.0,0.263606557377,2,False,True,False
nfcorpus,PLAIN-850,cauliflower,bm25_keyword,dense_keep,bm25_keep,0.5877192982456141,0.5350877192982456,0.5877192982456141,0.052631578947,0.0,0.052631578947,0.0,0.052631578947,2,True,False,False
nfcorpus,PLAIN-2750,Preventing the Common Cold with Probiotics?,bm25_keep,dense_keep,dense_keep,0.5508474576271186,0.5677966101694916,0.5677966101694916,-0.016949152542,0.016949152542,0.0,0.0,0.046949152542,2,False,False,False
nfcorpus,PLAIN-207,Avoiding Cooked Meat Carcinogens,dense_keep,dense_keep,dense_keep,0.5545454545454546,0.5545454545454546,0.5545454545454546,0.0,0.0,0.0,0.0,0.286363636364,2,False,True,True
nfcorpus,PLAIN-1183,Finland,bm25_keep,dense_keep,bm25_keep,0.54,0.29,0.54,0.25,0.0,0.25,0.0,0.25,2,True,False,True
nfcorpus,PLAIN-418,Fresh fruit versus frozen--which is better?,dense_keep,dense_keep,bm25_keep,1.1666666666666663,1.1666666666666663,1.1666666666666663,0.0,0.0,0.0,0.0,0.03,4,False,True,False
nfcorpus,PLAIN-541,American Dental Association,dense_keep,dense_keep,bm25_keep,0.0,0.0,0.2916666666666666,0.0,0.291666666667,0.291666666667,0.0,0.321666666667,2,False,True,False
nfcorpus,PLAIN-2720,Keeping Your Hands Warm With Citrus,dense_keep,dense_keep,bm25_keyword,0.1805555555555555,0.1805555555555555,0.5555555555555556,0.0,0.375,0.375,0.057777777778,0.457777777778,1,False,True,False
nfcorpus,PLAIN-3131,Are Avocados Good for You?,bm25_keyword,dense_keep,dense_keep,0.0,0.6666666666666666,0.6666666666666666,-0.666666666667,0.666666666667,0.0,0.0,0.666666666667,2,False,False,False
nfcorpus,PLAIN-1066,Dr. Walter Willett,dense_keep,dense_keep,bm25_keep,0.0,0.0,0.0,0.0,0.0,0.0,0.0,0.03,4,False,True,False
nfcorpus,PLAIN-2650,Turmeric Curcumin and Osteoarthritis,bm25_keep,dense_keep,bm25_keep,0.5689655172413793,0.5689655172413793,0.5689655172413793,0.0,0.0,0.0,0.0,0.03,4,False,False,True
nfcorpus,PLAIN-3053,Dragon's Blood,bm25_keep,dense_keep,bm25_keep,1.1666666666666663,0.8333333333333333,1.1666666666666663,0.333333333333,0.0,0.333333333333,0.0,0.333333333333,2,True,False,True
nfcorpus,PLAIN-1762,oral intraepithelial neoplasia,bm25_keyword,dense_keep,hybrid_keep,0.5,0.875,0.97,-0.375,0.47,0.095,0.0,0.47,2,False,False,False
nfcorpus,PLAIN-2830,Neurobiology of Artificial Sweeteners,bm25_keep,dense_keep,bm25_keyword,0.5,0.4583333333333333,0.5833333333333333,0.041666666667,0.083333333333,0.125,0.083333333333,0.583333333333,1,True,False,False
nfcorpus,PLAIN-1496,leeks,dense_keyword,dense_keep,bm25_keep,0.0,0.0,0.0,0.0,0.0,0.0,0.0,0.03,4,False,False,False
nfcorpus,PLAIN-1794,Panama,bm25_keep,dense_keep,bm25_keep,1.5,1.0,1.5,0.5,0.0,0.5,0.0,0.5,2,True,False,True
nfcorpus,PLAIN-371,Any update on the scary in vitro avocado data?,dense_keep,dense_keep,bm25_keyword,0.625,0.625,0.6666666666666666,0.0,0.041666666667,0.041666666667,0.041666666667,0.666666666667,1,False,True,False
nfcorpus,PLAIN-12,Exploiting Autophagy to Live Longer,dense_keep,dense_keep,dense_keep,0.1999999999999999,0.1999999999999999,0.1999999999999999,0.0,0.0,0.0,0.066666666667,0.23,1,False,True,True
nfcorpus,PLAIN-1827,Peoria,dense_keyword,dense_keep,bm25_keep,0.0,0.0,0.0,0.0,0.0,0.0,0.0,0.03,4,False,False,False
nfcorpus,PLAIN-1151,factory farming practices,bm25_keyword,dense_keep,dense_keep,0.1315359477124183,0.1797385620915032,0.1797385620915032,-0.048202614379,0.048202614379,0.0,0.0,0.103202614379,2,False,False,False
nfcorpus,PLAIN-593,apnea,bm25_keep,dense_keep,bm25_keep,0.8333333333333333,0.8333333333333333,0.8333333333333333,0.0,0.0,0.0,0.0,0.03,4,False,False,True
nfcorpus,PLAIN-987,cumin,bm25_keep,dense_keep,bm25_keep,0.5,0.0,0.5,0.5,0.0,0.5,0.0,0.53,2,True,False,True
nfcorpus,PLAIN-3392,Healthiest Airplane Beverage,dense_keep,dense_keep,bm25_keep,0.0,0.0,0.0,0.0,0.0,0.0,0.0,0.03,4,False,True,False
nfcorpus,PLAIN-3201,Acne & Cancer Connection,dense_keep,dense_keep,bm25_keep,0.0,0.0,0.13125,0.0,0.13125,0.13125,0.0,0.16125,2,False,True,False
nfcorpus,PLAIN-196,Should We Avoid Titanium Dioxide?,bm25_keyword,dense_keep,bm25_keep,0.5434782608695652,0.5144927536231884,0.5434782608695652,0.028985507246,0.0,0.028985507246,0.0,0.044492753623,2,True,False,False
nfcorpus,PLAIN-2810,Apple Juice May Be Worse Than Sugar Water,dense_keep,dense_keep,bm25_keep,0.0,0.0,0.0,0.0,0.0,0.0,0.0,0.03,4,False,True,False
nfcorpus,PLAIN-1867,pineapples,dense_keyword,dense_keep,bm25_keep,0.0,0.0,0.0,0.0,0.0,0.0,0.0,0.03,4,False,False,False
nfcorpus,PLAIN-430,Are krill oil supplements better than fish oil capsules?,bm25_keyword,dense_keep,bm25_keep,0.875,0.75,0.875,0.125,0.0,0.125,0.0,0.125,2,True,False,False
nfcorpus,PLAIN-3097,Amyloid and Apple Juice,bm25_keep,dense_keep,bm25_keep,0.75,0.75,0.75,0.0,0.0,0.0,0.0,0.03,4,False,False,True
nfcorpus,PLAIN-3151,Too Much Iodine Can Be as Bad as Too Little,dense_keep,dense_keep,dense_keep,0.3333333333333333,0.3333333333333333,0.3333333333333333,0.0,0.0,0.0,0.0,0.363333333333,2,False,True,True
nfcorpus,PLAIN-520,Alli,dense_keyword,dense_keep,bm25_keep,0.0,0.0,0.0,0.0,0.0,0.0,0.0,0.03,4,False,False,False
nfcorpus,PLAIN-2600,Eggs and Arterial Function,dense_keep,dense_keep,dense_keep,0.8,0.8,0.8,0.0,0.0,0.0,0.0,0.6,2,False,True,True
nfcorpus,PLAIN-270,Is Caffeinated Tea Really Dehydrating?,bm25_keyword,dense_keep,bm25_keep,0.5192307692307693,0.5192307692307693,0.5192307692307693,0.0,0.0,0.0,0.0,0.03,4,False,False,False
nfcorpus,PLAIN-1039,domoic acid,bm25_keep,dense_keep,bm25_keep,1.5,1.5,1.5,0.0,0.0,0.0,0.0,0.03,4,False,False,True
nfcorpus,PLAIN-2450,Are Organic Foods Safer?,bm25_keyword,dense_keep,bm25_keep,0.5526315789473684,0.1929824561403508,0.5526315789473684,0.359649122807,0.0,0.359649122807,0.0,0.359649122807,2,True,False,False
nfcorpus,PLAIN-792,cadaverine,bm25_keep,dense_keep,bm25_keep,1.0,0.2916666666666666,1.0,0.708333333333,0.0,0.708333333333,0.0,0.708333333333,2,True,False,True
nfcorpus,PLAIN-280,Mercury Testing Recommended Before Pregnancy,dense_keep,dense_keep,bm25_keep,0.35,0.35,0.6,0.0,0.25,0.25,0.0,0.28,2,False,True,False
nfcorpus,PLAIN-112,Food Dyes and ADHD,bm25_keep,dense_keep,dense_keep,0.5357142857142857,0.5892857142857143,0.5892857142857143,-0.053571428571,0.053571428571,0.0,0.0,0.065714285714,2,False,False,False
nfcorpus,PLAIN-2321,veggie chicken,dense_keep,dense_keep,bm25_keep,0.0,0.0,0.0,0.0,0.0,0.0,0.0,0.03,4,False,True,False
nfcorpus,PLAIN-56,Foods for Glaucoma,dense_keep,dense_keep,dense_keep,0.6,0.6,0.6,0.0,0.0,0.0,0.0,0.05,2,False,True,True
nfcorpus,PLAIN-3241,Apthous Ulcer Mystery Solved,dense_keep,dense_keep,dense_keep,0.5344827586206896,0.5344827586206896,0.5344827586206896,0.0,0.0,0.0,0.0,0.534482758621,2,False,True,True
nfcorpus,PLAIN-383,What do you think of Dr. Jenkins' take on paleolithic diets?,dense_keep,dense_keep,hybrid_keyword,0.325,0.325,0.3366666666666666,0.0,0.011666666667,0.011666666667,0.011666666667,0.366666666667,1,False,True,False
nfcorpus,PLAIN-1741,nuts,dense_keyword,dense_keep,bm25_keep,0.5119047619047619,0.5119047619047619,0.5119047619047619,0.0,0.0,0.0,0.0,0.03,4,False,False,False
nfcorpus,PLAIN-3221,Dietary Theory of Alzheimer's,dense_keep,dense_keep,dense_keep,0.1666666666666666,0.1666666666666666,0.1666666666666666,0.0,0.0,0.0,0.0,0.196666666667,2,False,True,True
nfcorpus,PLAIN-1635,milk,dense_keyword,dense_keep,dense_keep,0.511600928074246,0.511600928074246,0.511600928074246,0.0,0.0,0.0,0.0,0.256960556845,2,False,False,False
nfcorpus,PLAIN-2850,More Antibiotics In White Meat or Dark Meat?,bm25_keyword,dense_keep,bm25_keep,0.0,0.0,0.0,0.0,0.0,0.0,0.0,0.03,4,False,False,False
nfcorpus,PLAIN-1679,myelopathy,dense_keyword,dense_keep,dense_keep,1.1666666666666667,1.1666666666666667,1.1666666666666667,0.0,0.0,0.0,0.0,1.196666666667,2,False,False,False
nfcorpus,PLAIN-1601,memory,dense_keyword,dense_keep,dense_keep,0.5540540540540541,0.5540540540540541,0.5540540540540541,0.0,0.0,0.0,0.0,0.25,2,False,False,False
nfcorpus,PLAIN-3432,Healthy Chocolate Milkshakes,dense_keep,dense_keep,bm25_keep,0.0,0.0,0.2142857142857142,0.0,0.214285714286,0.214285714286,0.0,0.214285714286,2,False,True,False
nfcorpus,PLAIN-1262,Global Burden of Disease Study,dense_keep,dense_keep,dense_keyword,0.7,0.7,0.8,0.0,0.1,0.1,0.03,0.45,1,False,True,False
nfcorpus,PLAIN-1172,fenugreek,bm25_keep,dense_keep,bm25_keep,0.5526315789473684,0.5526315789473684,0.5526315789473684,0.0,0.0,0.0,0.0,0.03,4,False,False,True
nfcorpus,PLAIN-2375,whiting,dense_keyword,dense_keep,bm25_keep,0.0,0.0,0.0,0.0,0.0,0.0,0.0,0.03,4,False,False,False
nfcorpus,PLAIN-2660,How Long to Detox From Fish Before Pregnancy?,dense_keep,dense_keep,bm25_keyword,0.137037037037037,0.137037037037037,0.287037037037037,0.0,0.15,0.15,0.113333333333,0.155,1,False,True,False
nfcorpus,PLAIN-1374,hormonal dysfunction,dense_keyword,dense_keep,bm25_keep,0.0,0.0,0.1384615384615384,0.0,0.138461538462,0.138461538462,0.0,0.168461538462,2,False,False,False
nfcorpus,PLAIN-2240,titanium dioxide,bm25_keep,dense_keep,bm25_keep,0.7727272727272727,0.5909090909090909,0.7727272727272727,0.181818181818,0.0,0.181818181818,0.0,0.211818181818,2,True,False,True
nfcorpus,PLAIN-1119,energy drinks,dense_keyword,dense_keep,bm25_keep,0.0,0.0,0.0,0.0,0.0,0.0,0.0,0.03,4,False,False,False
nfcorpus,PLAIN-2220,tempeh,bm25_keep,dense_keep,bm25_keep,0.6111111111111112,0.2777777777777778,0.6111111111111112,0.333333333333,0.0,0.333333333333,0.0,0.333333333333,2,True,False,True
nfcorpus,PLAIN-3211,Overdosing on Greens,bm25_keep,dense_keep,bm25_keep,0.0,0.0,0.0,0.0,0.0,0.0,0.0,0.03,4,False,False,True
nfcorpus,PLAIN-3452,Bowel Movement Frequency,bm25_keep,dense_keep,bm25_keep,0.6764705882352942,0.0,0.6764705882352942,0.676470588235,0.0,0.676470588235,0.0,0.676470588235,2,True,False,True
nfcorpus,PLAIN-2970,Preventing Cataracts with Diet,dense_keep,dense_keep,dense_keep,0.6111111111111112,0.6111111111111112,0.6111111111111112,0.0,0.0,0.0,0.0,0.611111111111,2,False,True,True
nfcorpus,PLAIN-1972,quinine,bm25_keep,dense_keep,bm25_keep,0.0,0.0,0.0,0.0,0.0,0.0,0.0,0.03,4,False,False,True
nfcorpus,PLAIN-3422,Vitamin Supplements Worth Taking,bm25_keep,dense_keep,dense_keep,0.0,0.132258064516129,0.132258064516129,-0.132258064516,0.132258064516,0.0,0.0,0.162258064516,2,False,False,False
nfcorpus,PLAIN-1950,prunes,bm25_keep,dense_keep,bm25_keep,0.4038461538461538,0.4038461538461538,0.4038461538461538,0.0,0.0,0.0,0.0,0.03,4,False,False,True
nfcorpus,PLAIN-3161,Is Milk and Mucus a Myth?,bm25_keyword,dense_keep,bm25_keep,0.5232558139534884,0.5232558139534884,0.5465116279069767,0.0,0.023255813953,0.023255813953,0.023255813953,0.053255813953,1,False,False,False
nfcorpus,PLAIN-3302,Fish Fog,dense_keep,dense_keep,bm25_keep,0.0,0.0,0.5540540540540541,0.0,0.554054054054,0.554054054054,0.0,0.554054054054,2,False,True,False
nfcorpus,PLAIN-2071,serotonin,dense_keep,dense_keep,bm25_keep,0.5444444444444444,0.5444444444444444,0.5666666666666667,0.0,0.022222222222,0.022222222222,0.0,0.052222222222,2,False,True,False
nfcorpus,PLAIN-1463,kidney beans,bm25_keep,dense_keep,hybrid_keep,0.5833333333333334,0.25,0.595,0.333333333333,0.011666666667,0.345,0.0,0.345,2,True,False,False
nfcorpus,PLAIN-1485,lard,bm25_keep,dense_keep,bm25_keep,0.1435185185185185,0.0,0.1435185185185185,0.143518518519,0.0,0.143518518519,0.0,0.173518518519,2,True,False,True
nfcorpus,PLAIN-1109,endocrine disruptors,bm25_keyword,dense_keep,dense_keep,0.5306122448979592,0.5408163265306123,0.5408163265306123,-0.010204081633,0.010204081633,0.0,0.0,0.03,2,False,False,False
nfcorpus,PLAIN-68,What is Actually in Chicken Nuggets?,bm25_keep,dense_keep,bm25_keep,0.5181818181818182,0.5181818181818182,0.5181818181818182,0.0,0.0,0.0,0.0,0.03,4,False,False,True
nfcorpus,PLAIN-660,beans,dense_keyword,dense_keep,bm25_keep,0.5105263157894737,0.5105263157894737,0.5105263157894737,0.0,0.0,0.0,0.0,0.03,4,False,False,False
nfcorpus,PLAIN-977,crib death,dense_keyword,dense_keep,dense_keep,0.4583333333333333,0.4583333333333333,0.4583333333333333,0.0,0.0,0.0,0.0,0.488333333333,2,False,False,False
nfcorpus,PLAIN-1473,kohlrabi,bm25_keep,dense_keep,bm25_keep,1.5,0.0,1.5,1.5,0.0,1.5,0.0,1.5,2,True,False,True
nfcorpus,PLAIN-1857,phytic acid,dense_keep,dense_keep,bm25_keep,0.5909090909090909,0.5909090909090909,0.6212121212121212,0.0,0.030303030303,0.030303030303,0.0,0.030303030303,2,False,True,False
nfcorpus,PLAIN-613,ascorbic acid,dense_keep,dense_keep,dense_keep,0.2,0.2,0.2,0.0,0.0,0.0,0.0,0.23,2,False,True,True
nfcorpus,PLAIN-934,coffee,dense_keyword,dense_keep,bm25_keep,0.2698019801980198,0.2698019801980198,0.5396039603960396,0.0,0.269801980198,0.269801980198,0.0,0.269801980198,2,False,False,False
nfcorpus,PLAIN-956,cooking methods,dense_keyword,dense_keep,dense_keep,0.5145631067961165,0.5145631067961165,0.5145631067961165,0.0,0.0,0.0,0.0,0.379854368932,2,False,False,False
nfcorpus,PLAIN-2197,sweeteners,bm25_keyword,dense_keep,bm25_keep,0.5862068965517242,0.5689655172413793,0.5862068965517242,0.01724137931,0.0,0.01724137931,0.0,0.03,2,True,False,False
nfcorpus,PLAIN-259,Optimal Phytosterol Dose and Source,dense_keep,dense_keep,bm25_keep,0.6428571428571428,0.6428571428571428,0.6428571428571428,0.0,0.0,0.0,0.0,0.03,4,False,True,False
nfcorpus,PLAIN-3141,Relieving Yourself of Excess Estrogen,dense_keep,dense_keep,bm25_keep,0.0,0.0,0.0,0.0,0.0,0.0,0.0,0.03,4,False,True,False
nfcorpus,PLAIN-1008,deafness,dense_keyword,dense_keep,bm25_keep,0.0,0.0,0.0,0.0,0.0,0.0,0.0,0.03,4,False,False,False
nfcorpus,PLAIN-1363,Hiroshima,bm25_keep,dense_keep,bm25_keep,0.5909090909090909,0.1909090909090909,0.5909090909090909,0.4,0.0,0.4,0.0,0.4,2,True,False,True
nfcorpus,PLAIN-671,benzene,bm25_keep,dense_keep,bm25_keep,1.5,1.5,1.5,0.0,0.0,0.0,0.0,0.03,4,False,False,True
nfcorpus,PLAIN-1028,dietary scoring,dense_keyword,dense_keep,bm25_keep,0.0,0.0,0.0,0.0,0.0,0.0,0.0,0.03,4,False,False,False
nfcorpus,PLAIN-806,caloric restriction,dense_keep,dense_keep,bm25_keep,0.5416666666666666,0.5416666666666666,0.5520833333333334,0.0,0.010416666667,0.010416666667,0.0,0.03,2,False,True,False
nfcorpus,PLAIN-2920,Human Neurotransmitters in Plants,dense_keep,dense_keep,bm25_keep,0.0,0.0,0.0,0.0,0.0,0.0,0.0,0.03,4,False,True,False
nfcorpus,PLAIN-2113,soil health,bm25_keyword,dense_keep,bm25_keep,0.0,0.0,0.0,0.0,0.0,0.0,0.0,0.03,4,False,False,False
nfcorpus,PLAIN-2730,Anti-Angiogenesis: Cutting Off Tumor Supply Lines,dense_keep,dense_keep,dense_keep,0.6379310344827587,0.6379310344827587,0.6379310344827587,0.0,0.0,0.0,0.0,0.436781609195,2,False,True,True
nfcorpus,PLAIN-1837,pesticides,dense_keyword,dense_keep,bm25_keep,0.5255102040816326,0.5255102040816326,0.5255102040816326,0.0,0.0,0.0,0.0,0.03,4,False,False,False
nfcorpus,PLAIN-691,bioavailability,dense_keyword,dense_keep,bm25_keep,0.0,0.0,0.0,0.0,0.0,0.0,0.0,0.03,4,False,False,False
nfcorpus,PLAIN-946,coma,bm25_keyword,dense_keep,bm25_keep,0.564516129032258,0.0,0.564516129032258,0.564516129032,0.0,0.564516129032,0.0,0.564516129032,2,True,False,False
nfcorpus,PLAIN-2250,tongue worm,bm25_keep,dense_keep,bm25_keep,0.0,0.0,0.0,0.0,0.0,0.0,0.0,0.03,4,False,False,True
nfcorpus,PLAIN-332,Can antioxidant-rich spices counteract the effects of a high-fat meal?,bm25_keyword,dense_keep,bm25_keep,1.0,1.0,1.0,0.0,0.0,0.0,0.0,0.03,4,False,False,False
nfcorpus,PLAIN-721,BMAA,dense_keep,dense_keep,bm25_keep,0.7,0.7,0.7,0.0,0.0,0.0,0.0,0.03,4,False,True,False
nfcorpus,PLAIN-2820,Preventing Strokes with Diet,dense_keep,dense_keep,bm25_keep,0.0,0.0,0.0,0.0,0.0,0.0,0.0,0.03,4,False,True,False
nfcorpus,PLAIN-1784,oxen meat,dense_keyword,dense_keep,bm25_keep,0.0,0.0,0.0,0.0,0.0,0.0,0.0,0.03,4,False,False,False
nfcorpus,PLAIN-2981,Cheese Mites and Maggots,bm25_keep,dense_keep,bm25_keep,0.6428571428571428,0.6428571428571428,0.6428571428571428,0.0,0.0,0.0,0.0,0.03,4,False,False,True
nfcorpus,PLAIN-1342,heme iron,dense_keep,dense_keep,dense_keep,0.625,0.625,0.625,0.0,0.0,0.0,0.0,0.25,2,False,True,True
nfcorpus,PLAIN-2230,thiamine,bm25_keep,dense_keep,bm25_keep,0.0,0.0,0.0,0.0,0.0,0.0,0.0,0.03,4,False,False,True
nfcorpus,PLAIN-78,What Do Meat Purge and Cola Have in Common?,dense_keep,dense_keep,bm25_keep,0.0,0.0,0.5161290322580645,0.0,0.516129032258,0.516129032258,0.28,0.546129032258,1,False,True,False
nfcorpus,PLAIN-2490,The Actual Benefit of Diet vs. Drugs,bm25_keep,dense_keep,bm25_keep,0.6304347826086957,0.5434782608695652,0.6304347826086957,0.086956521739,0.0,0.086956521739,0.0,0.461956521739,2,True,False,True
nfcorpus,PLAIN-997,Czechoslovakia,dense_keyword,dense_keep,bm25_keep,0.0,0.0,0.0,0.0,0.0,0.0,0.0,0.03,4,False,False,False
nfcorpus,PLAIN-102,Stopping Heart Disease in Childhood,dense_keep,dense_keep,dense_keep,0.25,0.25,0.25,0.0,0.0,0.0,0.083333333333,0.138333333333,1,False,True,True
nfcorpus,PLAIN-1710,neurocysticercosis,dense_keyword,dense_keep,bm25_keep,0.8125,0.8125,0.8125,0.0,0.0,0.0,0.0,0.03,4,False,False,False
nfcorpus,PLAIN-1547,lyme disease,bm25_keep,dense_keep,dense_keep,0.0,0.2666666666666666,0.2666666666666666,-0.266666666667,0.266666666667,0.0,0.0,0.296666666667,2,False,False,False
nfcorpus,PLAIN-2430,Preventing Brain Loss with B Vitamins?,bm25_keep,dense_keep,dense_keep,0.5434782608695652,0.5869565217391304,0.5869565217391304,-0.04347826087,0.04347826087,0.0,0.0,0.051739130435,2,False,False,False
nfcorpus,PLAIN-2009,rhabdomyolysis,bm25_keyword,dense_keep,bm25_keep,0.2916666666666666,0.2916666666666666,0.2916666666666666,0.0,0.0,0.0,0.0,0.03,4,False,False,False
nfcorpus,PLAIN-771,bronchiolitis obliterans,bm25_keep,dense_keep,bm25_keep,1.5,0.8333333333333333,1.5,0.666666666667,0.0,0.666666666667,0.0,0.666666666667,2,True,False,True
nfcorpus,PLAIN-2670,Is Caramel Color Carcinogenic?,bm25_keyword,dense_keep,bm25_keep,0.5285714285714286,0.5285714285714286,0.5285714285714286,0.0,0.0,0.0,0.0,0.03,4,False,False,False
nfcorpus,PLAIN-2030,Rutin,bm25_keep,dense_keep,bm25_keep,0.6666666666666666,0.0,0.6666666666666666,0.666666666667,0.0,0.666666666667,0.0,0.666666666667,2,True,False,True
nfcorpus,PLAIN-488,adenovirus 36,dense_keep,dense_keep,bm25_keep,0.8333333333333333,0.8333333333333333,0.8333333333333333,0.0,0.0,0.0,0.0,0.03,4,False,True,False
nfcorpus,PLAIN-2590,Do Vegetarians Get Enough Protein?,dense_keyword,dense_keep,dense_keep,0.1408730158730158,0.1567460317460317,0.1567460317460317,-0.015873015873,0.015873015873,0.0,0.015873015873,0.186746031746,1,False,False,False
nfcorpus,PLAIN-2291,ultra-processed foods,bm25_keep,dense_keep,bm25_keep,0.7,0.0,0.7,0.7,0.0,0.7,0.0,0.7,2,True,False,True
nfcorpus,PLAIN-344,Dioxins Stored in Our Own Fat May Increase Diabetes Risk,dense_keep,dense_keep,dense_keep,0.5327868852459017,0.5327868852459017,0.5327868852459017,0.0,0.0,0.0,0.0,0.532786885246,2,False,True,True
nfcorpus,PLAIN-3352,Boosting Heart Nerve Control,dense_keep,dense_keep,bm25_keep,0.0,0.0,0.0,0.0,0.0,0.0,0.0,0.03,4,False,True,False
nfcorpus,PLAIN-3472,How Doctors Responded to Being Named a Leading Killer,dense_keep,dense_keep,dense_keyword,0.1588235294117647,0.1588235294117647,0.3088235294117647,0.0,0.15,0.15,0.15,0.338823529412,1,False,True,False
nfcorpus,PLAIN-731,bone fractures,dense_keep,dense_keep,bm25_keep,0.5925925925925926,0.5925925925925926,0.5925925925925926,0.0,0.0,0.0,0.0,0.03,4,False,True,False
nfcorpus,PLAIN-1288,grapes,bm25_keep,dense_keep,bm25_keep,0.5204081632653061,0.0,0.5204081632653061,0.520408163265,0.0,0.520408163265,0.0,0.520408163265,2,True,False,True
nfcorpus,PLAIN-3251,EPIC Study,dense_keep,dense_keep,bm25_keep,0.0,0.0,0.0,0.0,0.0,0.0,0.0,0.03,4,False,True,False
nfcorpus,PLAIN-1752,okra,dense_keyword,dense_keep,bm25_keep,0.0,0.0,0.0,0.0,0.0,0.0,0.0,0.03,4,False,False,False
nfcorpus,PLAIN-2281,turnips,dense_keyword,dense_keep,bm25_keep,0.0,0.0,0.0,0.0,0.0,0.0,0.0,0.03,4,False,False,False
nfcorpus,PLAIN-3171,Convergence of Evidence,bm25_keep,dense_keep,bm25_keyword,0.196078431372549,0.0,0.2794117647058823,0.196078431373,0.083333333333,0.279411764706,0.083333333333,0.279411764706,1,True,False,False
nfcorpus,PLAIN-2890,To Snack or Not to Snack?,bm25_keep,dense_keep,dense_keep,0.1594827586206896,0.2844827586206896,0.2844827586206896,-0.125,0.125,0.0,0.113333333333,0.314482758621,1,False,False,False
nfcorpus,PLAIN-2480,Preventing Ulcerative Colitis with Diet,dense_keep,dense_keep,dense_keep,0.4166666666666666,0.4166666666666666,0.4166666666666666,0.0,0.0,0.0,0.055555555556,0.210555555556,1,False,True,True
nfcorpus,PLAIN-2880,The Answer to the Pritikin Puzzle,dense_keep,dense_keep,bm25_keep,0.0,0.0,0.0,0.0,0.0,0.0,0.0,0.03,4,False,True,False
nfcorpus,PLAIN-1877,plant-based diet,dense_keep,dense_keep,bm25_keep,0.0,0.0,0.0,0.0,0.0,0.0,0.0,0.03,4,False,True,False
nfcorpus,PLAIN-478,accidents,bm25_keep,dense_keep,bm25_keep,0.0,0.0,0.0,0.0,0.0,0.0,0.0,0.03,4,False,False,True
nfcorpus,PLAIN-1353,hernia,bm25_keep,dense_keep,bm25_keep,0.0,0.0,0.0,0.0,0.0,0.0,0.0,0.03,4,False,False,True
nfcorpus,PLAIN-1731,norovirus,bm25_keep,dense_keep,bm25_keep,1.1666666666666663,1.1666666666666663,1.1666666666666663,0.0,0.0,0.0,0.0,0.03,4,False,False,True
nfcorpus,PLAIN-358,Didn't another study show carnitine was good for the heart?,dense_keep,dense_keep,bm25_keep,0.0,0.0,0.0,0.0,0.0,0.0,0.0,0.03,4,False,True,False
nfcorpus,PLAIN-3312,Sexually Transmitted Fish Toxin,bm25_keep,dense_keep,dense_keep,0.0,0.3205128205128205,0.3205128205128205,-0.320512820513,0.320512820513,0.0,0.0,0.320512820513,2,False,False,False
nfcorpus,PLAIN-186,Best Treatment for Constipation,dense_keep,dense_keep,bm25_keep,0.2083333333333333,0.2083333333333333,0.2916666666666667,0.0,0.083333333333,0.083333333333,0.083333333333,0.113333333333,1,False,True,False
nfcorpus,PLAIN-1387,hyperactivity,bm25_keyword,dense_keep,dense_keep,0.75,0.9166666666666669,0.9166666666666669,-0.166666666667,0.166666666667,0.0,0.0,0.166666666667,2,False,False,False
nfcorpus,PLAIN-227,Increasing Muscle Strength with Fenugreek,dense_keep,dense_keep,bm25_keyword,0.0,0.0,0.275,0.0,0.275,0.275,0.113333333333,0.305,1,False,True,False
nfcorpus,PLAIN-217,Plant-Based Diets for Psoriasis,dense_keep,dense_keep,dense_keep,0.1944444444444444,0.1944444444444444,0.1944444444444444,0.0,0.0,0.0,0.0,0.194444444444,2,False,True,True
nfcorpus,PLAIN-1621,Mevacor,dense_keyword,dense_keep,bm25_keep,0.0,0.0,0.0,0.0,0.0,0.0,0.0,0.03,4,False,False,False
nfcorpus,PLAIN-2620,Phytates for the Treatment of Cancer,dense_keep,dense_keep,bm25_keep,0.1181818181818182,0.1181818181818182,0.5363636363636364,0.0,0.418181818182,0.418181818182,0.0,0.536363636364,2,False,True,False
nfcorpus,PLAIN-681,betel nuts,bm25_keep,dense_keep,bm25_keep,1.5,1.25,1.5,0.25,0.0,0.25,0.0,0.25,2,True,False,True
nfcorpus,PLAIN-872,chanterelle mushrooms,bm25_keep,dense_keep,bm25_keep,0.0,0.0,0.0,0.0,0.0,0.0,0.0,0.03,4,False,False,True
nfcorpus,PLAIN-2271,Tufts,dense_keyword,dense_keep,bm25_keep,0.0,0.0,0.0,0.0,0.0,0.0,0.0,0.03,4,False,False,False
nfcorpus,PLAIN-2700,Heart Disease Starts in Childhood,bm25_keep,dense_keep,dense_keyword,0.35,0.6,0.7,-0.25,0.35,0.1,0.1,0.35,1,False,False,False
nfcorpus,PLAIN-44,Who Should be Careful About Curcumin?,dense_keep,dense_keep,dense_keyword,0.2011494252873563,0.2011494252873563,0.2183908045977011,0.0,0.01724137931,0.01724137931,0.01724137931,0.248390804598,1,False,True,False
nfcorpus,PLAIN-2770,Flaxseeds & Breast Cancer Survival: Clinical Evidence,dense_keep,dense_keep,bm25_keep,0.298780487804878,0.298780487804878,0.573170731707317,0.0,0.274390243902,0.274390243902,0.0,0.304390243902,2,False,True,False
nfcorpus,PLAIN-913,cinnamon,dense_keep,dense_keep,bm25_keep,0.6176470588235294,0.6176470588235294,0.6470588235294118,0.0,0.029411764706,0.029411764706,0.0,0.03,2,False,True,False
nfcorpus,PLAIN-1700,Native Americans,bm25_keep,dense_keep,bm25_keep,0.0,0.0,0.0,0.0,0.0,0.0,0.0,0.03,4,False,False,True
nfcorpus,PLAIN-1887,poisonous plants,dense_keyword,dense_keep,bm25_keep,0.0,0.0,0.0,0.0,0.0,0.0,0.0,0.03,4,False,False,False
nfcorpus,PLAIN-2061,seafood,dense_keyword,dense_keep,bm25_keep,0.5097560975609756,0.5097560975609756,0.5121951219512195,0.0,0.00243902439,0.00243902439,0.0,0.03,2,False,False,False
nfcorpus,PLAIN-1537,low-carb diets,bm25_keyword,dense_keep,dense_keep,0.0,0.5888888888888889,0.5888888888888889,-0.588888888889,0.588888888889,0.0,0.0,0.588888888889,2,False,False,False
nfcorpus,PLAIN-2760,Eating Healthy on a Budget,dense_keep,dense_keep,dense_keep,0.375,0.375,0.375,0.0,0.0,0.0,0.0,0.375,2,False,True,True
nfcorpus,PLAIN-1050,Dr. Dean Ornish,dense_keep,dense_keep,dense_keep,0.1106382978723404,0.1106382978723404,0.1106382978723404,0.0,0.0,0.0,0.110638297872,0.140638297872,1,False,True,True
nfcorpus,PLAIN-2630,Alkylphenol Endocrine Disruptors and Allergies,dense_keep,dense_keep,bm25_keep,0.5625,0.5625,0.5625,0.0,0.0,0.0,0.0,0.03,4,False,True,False
nfcorpus,PLAIN-561,aneurysm,bm25_keep,dense_keep,bm25_keep,0.58,0.58,0.58,0.0,0.0,0.0,0.0,0.03,4,False,False,True
nfcorpus,PLAIN-1721,NIH-AARP study,dense_keep,dense_keep,bm25_keep,0.564516129032258,0.564516129032258,0.5967741935483871,0.0,0.032258064516,0.032258064516,0.0,0.032258064516,3,False,True,False
nfcorpus,PLAIN-2470,Is Milk Good for Our Bones?,bm25_keyword,dense_keep,dense_keep,0.1136986301369863,0.5547945205479452,0.5547945205479452,-0.441095890411,0.441095890411,0.0,0.0,0.441095890411,2,False,False,False
nfcorpus,PLAIN-2710,Artificial Food Colors and ADHD,bm25_keep,dense_keep,dense_keep,0.5952380952380952,0.7380952380952381,0.7380952380952381,-0.142857142857,0.142857142857,0.0,0.0,0.142857142857,2,False,False,False
nfcorpus,PLAIN-838,carrageenan,bm25_keyword,dense_keep,bm25_keep,1.0555555555555556,1.0555555555555556,1.0555555555555556,0.0,0.0,0.0,0.0,0.03,4,False,False,False
nfcorpus,PLAIN-2167,subsidies,bm25_keep,dense_keep,bm25_keep,0.0,0.0,0.0,0.0,0.0,0.0,0.0,0.03,4,False,False,True
nfcorpus,PLAIN-291,Stool Size and Breast Cancer Risk,dense_keep,dense_keep,dense_keep,0.7307692307692308,0.7307692307692308,0.7307692307692308,0.0,0.0,0.0,0.0,0.076923076923,2,False,True,True
nfcorpus,PLAIN-1441,Japan,dense_keep,dense_keep,dense_keep,0.521505376344086,0.521505376344086,0.521505376344086,0.0,0.0,0.0,0.0,0.25,2,False,True,True
nfcorpus,PLAIN-510,airport scanners,dense_keyword,dense_keep,dense_keep,0.3333333333333333,0.3333333333333333,0.3333333333333333,0.0,0.0,0.0,0.0,0.363333333333,2,False,False,False
nfcorpus,PLAIN-1429,Iowa Women’s Health Study,dense_keep,dense_keep,bm25_keep,0.0,0.0,0.0,0.0,0.0,0.0,0.0,0.03,4,False,True,False
nfcorpus,PLAIN-2332,viral infections,bm25_keyword,dense_keep,dense_keep,0.5412371134020618,0.5515463917525774,0.5515463917525774,-0.010309278351,0.010309278351,0.0,0.0,0.040309278351,2,False,False,False
nfcorpus,PLAIN-2,Do Cholesterol Statin Drugs Cause Breast Cancer?,dense_keyword,dense_keep,dense_keep,0.7083333333333334,0.7083333333333334,0.7083333333333334,0.0,0.0,0.0,0.0,0.041666666667,2,False,False,False
nfcorpus,PLAIN-2930,Kiwifruit for Irritable Bowel Syndrome,bm25_keep,dense_keep,dense_keep,0.5714285714285714,0.6428571428571428,0.6428571428571428,-0.071428571429,0.071428571429,0.0,0.03,0.101428571429,1,False,False,False
nfcorpus,PLAIN-2640,Chicken Salmonella Thanks to Meat Industry Lawsuit,bm25_keyword,dense_keep,bm25_keep,0.6041666666666666,0.6041666666666666,0.6041666666666666,0.0,0.0,0.0,0.0,0.03,4,False,False,False
nfcorpus,PLAIN-3332,Alcohol Risks vs. Benefits,dense_keep,dense_keep,dense_keep,0.8571428571428572,0.8571428571428572,0.8571428571428572,0.0,0.0,0.0,0.0,0.214285714286,2,False,True,True
nfcorpus,PLAIN-827,carcinogens,dense_keyword,dense_keep,dense_keep,0.5163934426229508,0.5163934426229508,0.5163934426229508,0.0,0.0,0.0,0.0,0.258196721311,2,False,False,False
nfcorpus,PLAIN-2187,suppositories,bm25_keep,dense_keep,bm25_keep,0.7222222222222222,0.6111111111111112,0.7222222222222222,0.111111111111,0.0,0.111111111111,0.0,0.111111111111,2,True,False,True
nfcorpus,PLAIN-2780,Do Fruit & Nut Bars Cause Weight Gain?,bm25_keyword,dense_keep,dense_keep,0.6363636363636364,0.6818181818181819,0.6818181818181819,-0.045454545455,0.045454545455,0.0,0.0,0.075454545455,2,False,False,False
nfcorpus,PLAIN-2440,More Than an Apple a Day: Combating Common Diseases,dense_keep,dense_keep,bm25_keep,0.0,0.0,0.0,0.0,0.0,0.0,0.0,0.03,4,False,True,False
nfcorpus,PLAIN-2550,Barriers to Heart Disease Prevention,dense_keep,dense_keep,bm25_keep,0.0,0.0,0.14,0.0,0.14,0.14,0.14,0.17,1,False,True,False
nfcorpus,PLAIN-3261,Update on Herbalife®,bm25_keep,dense_keep,bm25_keyword,0.0,0.0,0.2435897435897435,0.0,0.24358974359,0.24358974359,0.096666666667,0.27358974359,1,False,False,False
nfcorpus,PLAIN-2500,The Saturated Fat Studies: Buttering Up the Public,dense_keep,dense_keep,dense_keep,0.2678571428571428,0.2678571428571428,0.2678571428571428,0.0,0.0,0.0,0.267857142857,0.297857142857,1,False,True,True
nfcorpus,PLAIN-320,Breast Cancer and Diet,dense_keep,dense_keep,bm25_keep,0.0,0.0,0.0,0.0,0.0,0.0,0.0,0.03,4,False,True,False
nfcorpus,PLAIN-2145,St. John's wort,bm25_keep,dense_keep,bm25_keep,0.3611111111111111,0.0,0.3611111111111111,0.361111111111,0.0,0.361111111111,0.0,0.361111111111,2,True,False,True
nfcorpus,PLAIN-23,How to Reduce Exposure to Alkylphenols Through Your Diet,dense_keep,dense_keep,bm25_keyword,0.5333333333333333,0.5333333333333333,0.5555555555555556,0.0,0.022222222222,0.022222222222,0.022222222222,0.272222222222,1,False,True,False
nfcorpus,PLAIN-1568,maple syrup,bm25_keep,dense_keep,bm25_keep,1.5,1.5,1.5,0.0,0.0,0.0,0.0,0.03,4,False,False,True
nfcorpus,PLAIN-711,blood clots,bm25_keep,dense_keep,bm25_keep,0.5175438596491229,0.2675438596491228,0.5175438596491229,0.25,0.0,0.25,0.0,0.25,2,True,False,True
nfcorpus,PLAIN-3063,Better Than Goji Berries,bm25_keep,dense_keep,bm25_keep,0.0,0.0,0.0,0.0,0.0,0.0,0.0,0.03,4,False,False,True
nfcorpus,PLAIN-2900,Boosting Good Bacteria in the Colon Without Probiotics,dense_keep,dense_keep,bm25_keep,0.0,0.0,0.0,0.0,0.0,0.0,0.0,0.03,4,False,True,False
nfcorpus,PLAIN-2209,taro,dense_keyword,dense_keep,bm25_keep,0.0,0.0,0.0,0.0,0.0,0.0,0.0,0.03,4,False,False,False
nfcorpus,PLAIN-2740,Cancer Risk From CT Scan Radiation,bm25_keep,dense_keep,dense_keep,0.31,0.56,0.56,-0.25,0.25,0.0,0.0,0.28,2,False,False,False
nfcorpus,PLAIN-3026,Vitamin C-Enriched Bacon,dense_keep,dense_keep,dense_keep,1.25,1.25,1.25,0.0,0.0,0.0,0.0,1.25,2,False,True,True
nfcorpus,PLAIN-2860,BPA Plastic and Male Sexual Dysfunction,bm25_keep,dense_keep,bm25_keep,1.5,1.5,1.5,0.0,0.0,0.0,0.0,0.03,4,False,False,True
nfcorpus,PLAIN-1690,National Academy of Sciences,dense_keep,dense_keep,bm25_keep,0.0,0.0,0.0,0.0,0.0,0.0,0.0,0.03,4,False,True,False
nfcorpus,PLAIN-1203,folic acid,bm25_keep,dense_keep,dense_keep,0.6666666666666666,0.8333333333333333,0.8333333333333333,-0.166666666667,0.166666666667,0.0,0.0,0.166666666667,2,False,False,False
nfcorpus,PLAIN-3191,Is Distilled Fish Oil Toxin-Free?,dense_keyword,dense_keep,dense_keep,0.3125,0.375,0.375,-0.0625,0.0625,0.0,0.0625,0.375,1,False,False,False
nfcorpus,PLAIN-2910,Optimal Phytosterol Dose,bm25_keep,dense_keep,dense_keep,0.3166666666666666,0.5666666666666667,0.5666666666666667,-0.25,0.25,0.0,0.0,0.25,2,False,False,False
nfcorpus,PLAIN-1772,organotins,bm25_keep,dense_keep,bm25_keep,1.5,1.5,1.5,0.0,0.0,0.0,0.0,0.03,4,False,False,True
nfcorpus,PLAIN-441,Is apple cider vinegar good for you?,bm25_keyword,dense_keep,hybrid_keyword,1.3,1.1,1.47,0.2,0.17,0.37,0.17,0.37,1,True,False,False
nfcorpus,PLAIN-307,Vitamin D: Shedding some light on the new recommendations,dense_keep,dense_keep,dense_keyword,1.1666666666666663,1.1666666666666663,1.25,0.0,0.083333333333,0.083333333333,0.083333333333,0.791666666667,1,False,True,False
nfcorpus,PLAIN-3462,Olive Oil and Artery Function,dense_keep,dense_keep,bm25_keep,0.296875,0.296875,0.546875,0.0,0.25,0.25,0.0,0.25,2,False,True,False
nfcorpus,PLAIN-3001,EPIC Findings on Lymphoma,bm25_keep,dense_keep,bm25_keyword,0.0,0.6666666666666666,0.6666666666666666,-0.666666666667,0.666666666667,0.0,0.0,0.666666666667,2,False,False,False
nfcorpus,PLAIN-2940,Dietary Treatment of Crohn's Disease,dense_keep,dense_keep,bm25_keep,0.0,0.0,0.0,0.0,0.0,0.0,0.0,0.03,4,False,True,False
nfcorpus,PLAIN-1409,industrial toxins,dense_keyword,dense_keep,bm25_keep,0.0,0.0,0.0,0.0,0.0,0.0,0.0,0.03,4,False,False,False
nfcorpus,PLAIN-1453,junk food,bm25_keyword,dense_keep,bm25_keep,0.5081632653061224,0.1789115646258503,0.5081632653061224,0.32925170068,0.0,0.32925170068,0.0,0.32925170068,2,True,False,False
nfcorpus,PLAIN-2386,worms,bm25_keep,dense_keep,dense_keep,0.0,0.2302631578947368,0.2302631578947368,-0.230263157895,0.230263157895,0.0,0.0,0.260263157895,2,False,False,False
nfcorpus,PLAIN-2680,Counteracting the Effects of Dioxins Through Diet,dense_keep,dense_keep,bm25_keep,0.3214285714285714,0.3214285714285714,0.3928571428571428,0.0,0.071428571429,0.071428571429,0.0,0.071428571429,2,False,True,False
nfcorpus,PLAIN-1018,DHA,dense_keep,dense_keep,bm25_keep,0.1416666666666666,0.1416666666666666,0.1999999999999999,0.0,0.058333333333,0.058333333333,0.0,0.058333333333,2,False,True,False
nfcorpus,PLAIN-2560,Childhood Constipation and Cow’s Milk,dense_keep,dense_keep,bm25_keyword,0.7380952380952381,0.7380952380952381,0.7380952380952381,0.0,0.0,0.0,0.0,0.047619047619,3,False,True,False
nfcorpus,PLAIN-2311,veal,bm25_keep,dense_keep,bm25_keep,0.0,0.0,0.0,0.0,0.0,0.0,0.0,0.03,4,False,False,True
nfcorpus,PLAIN-1214,Fosamax,dense_keyword,dense_keep,bm25_keep,0.0,0.0,0.0,0.0,0.0,0.0,0.0,0.03,4,False,False,False
nfcorpus,PLAIN-1656,mouth cancer,dense_keyword,dense_keep,bm25_keep,0.0,0.0,0.1607142857142857,0.0,0.160714285714,0.160714285714,0.0,0.190714285714,2,False,False,False
nfcorpus,PLAIN-2102,smoking,dense_keyword,dense_keep,dense_keep,0.5095011876484561,0.5095011876484561,0.5095011876484561,0.0,0.0,0.0,0.0,0.03,2,False,False,False
nfcorpus,PLAIN-2396,Yale,dense_keyword,dense_keep,bm25_keep,0.0,0.0,0.0,0.0,0.0,0.0,0.0,0.03,4,False,False,False
nfcorpus,PLAIN-1527,liver disease,dense_keyword,dense_keep,bm25_keep,0.5247524752475248,0.5247524752475248,0.5247524752475248,0.0,0.0,0.0,0.0,0.03,4,False,False,False
nfcorpus,PLAIN-1590,medical ethics,bm25_keep,dense_keep,bm25_keep,0.5555555555555556,0.2222222222222222,0.5555555555555556,0.333333333333,0.0,0.333333333333,0.0,0.333333333333,2,True,False,True
nfcorpus,PLAIN-2092,sirtuins,bm25_keep,dense_keep,bm25_keep,1.0,1.0,1.0,0.0,0.0,0.0,0.0,0.03,4,False,False,True
nfcorpus,PLAIN-3382,Are Artificial Colors Bad for You?,dense_keyword,dense_keep,dense_keep,0.7857142857142857,0.8571428571428572,0.8571428571428572,-0.071428571429,0.071428571429,0.0,0.071428571429,0.285714285714,1,False,False,False
nfcorpus,PLAIN-2950,Unsafe at Any Feed,dense_keep,dense_keep,bm25_keep,0.0,0.0,0.0,0.0,0.0,0.0,0.0,0.03,4,False,True,False
nfcorpus,PLAIN-741,BPH,bm25_keyword,dense_keep,bm25_keep,0.7105263157894737,0.6578947368421053,0.7105263157894737,0.052631578947,0.0,0.052631578947,0.0,0.082631578947,2,True,False,False
nfcorpus,PLAIN-2790,Titanium Dioxide & Inflammatory Bowel Disease,bm25_keep,dense_keep,bm25_keep,0.5677966101694916,0.5508474576271186,0.5677966101694916,0.016949152542,0.0,0.016949152542,0.0,0.046949152542,2,True,False,True
nfcorpus,PLAIN-1309,halibut,dense_keyword,dense_keep,bm25_keep,0.0,0.0,0.0,0.0,0.0,0.0,0.0,0.03,4,False,False,False
nfcorpus,PLAIN-1817,peanut butter,bm25_keyword,dense_keep,bm25_keep,0.6111111111111112,0.5740740740740741,0.6111111111111112,0.037037037037,0.0,0.037037037037,0.0,0.037037037037,2,True,False,False
nfcorpus,PLAIN-3281,Aluminum in Vaccines vs. Food,bm25_keep,dense_keep,bm25_keep,0.5384615384615384,0.5384615384615384,0.5384615384615384,0.0,0.0,0.0,0.0,0.03,4,False,False,True
nfcorpus,PLAIN-1419,insects,bm25_keyword,dense_keep,bm25_keep,0.5307692307692308,0.5307692307692308,0.5307692307692308,0.0,0.0,0.0,0.0,0.03,4,False,False,False
nfcorpus,PLAIN-1847,philippines,bm25_keep,dense_keep,bm25_keep,0.6818181818181819,0.5909090909090909,0.6818181818181819,0.090909090909,0.0,0.090909090909,0.0,0.090909090909,2,True,False,True
nfcorpus,PLAIN-2530,Infectobesity: Adenovirus 36 and Childhood Obesity,dense_keep,dense_keep,bm25_keep,0.5694444444444444,0.5694444444444444,0.5694444444444444,0.0,0.0,0.0,0.0,0.03,4,False,True,False
nfcorpus,PLAIN-3037,Out of the Lab Onto the Track,dense_keep,dense_keep,bm25_keep,0.0,0.0,0.0,0.0,0.0,0.0,0.0,0.03,4,False,True,False
nfcorpus,PLAIN-3085,The Difficulty of Arriving at a Vitamin D Recommendation,dense_keep,dense_keep,dense_keep,1.1666666666666667,1.1666666666666667,1.1666666666666667,0.0,0.0,0.0,0.03,0.53,1,False,True,True
nfcorpus,PLAIN-2460,Diabetes as a Disease of Fat Toxicity,dense_keep,dense_keep,hybrid_keyword,0.532258064516129,0.532258064516129,0.5667741935483871,0.0,0.034516129032,0.034516129032,0.002258064516,0.409516129032,1,False,True,False
nfcorpus,PLAIN-1611,mesquite,dense_keyword,dense_keep,bm25_keep,0.0,0.0,0.0,0.0,0.0,0.0,0.0,0.03,4,False,False,False
nfcorpus,PLAIN-603,Arkansas,bm25_keep,dense_keep,bm25_keep,0.0,0.0,0.0,0.0,0.0,0.0,0.0,0.03,4,False,False,True
nfcorpus,PLAIN-3362,Kuna Indian Secret,dense_keep,dense_keep,bm25_keep,0.5909090909090909,0.5909090909090909,0.7727272727272727,0.0,0.181818181818,0.181818181818,0.0,0.181818181818,2,False,True,False
nfcorpus,PLAIN-751,BRCA genes,bm25_keep,dense_keep,bm25_keep,0.0,0.0,0.0,0.0,0.0,0.0,0.0,0.03,4,False,False,True
nfcorpus,PLAIN-1141,Evidence-based medicine,dense_keep,dense_keep,bm25_keep,0.5625,0.5625,0.5625,0.0,0.0,0.0,0.0,0.03,4,False,True,False
nfcorpus,PLAIN-892,chickpeas,dense_keyword,dense_keep,bm25_keep,0.532608695652174,0.532608695652174,0.5543478260869565,0.0,0.021739130435,0.021739130435,0.0,0.040869565217,2,False,False,False
nfcorpus,PLAIN-2261,trans fats,bm25_keep,dense_keep,dense_keep,0.2833333333333333,0.5166666666666667,0.5166666666666667,-0.233333333333,0.233333333333,0.0,0.0,0.233333333333,2,False,False,False
nfcorpus,PLAIN-91,Chronic Headaches and Pork Parasites,bm25_keep,dense_keep,bm25_keep,0.53125,0.53125,0.53125,0.0,0.0,0.0,0.0,0.03,4,False,False,True
nfcorpus,PLAIN-2301,uterine health,bm25_keep,dense_keep,dense_keep,0.0,0.4807692307692308,0.4807692307692308,-0.480769230769,0.480769230769,0.0,0.0,0.480769230769,2,False,False,False
nfcorpus,PLAIN-645,bagels,dense_keyword,dense_keep,bm25_keep,0.0,0.0,0.0,0.0,0.0,0.0,0.0,0.03,4,False,False,False
nfcorpus,PLAIN-153,How Should I Take Probiotics?,dense_keep,dense_keep,dense_keep,0.6063829787234043,0.6063829787234043,0.6063829787234043,0.0,0.0,0.0,0.0,0.051276595745,2,False,True,True
nfcorpus,PLAIN-2177,sulfur,bm25_keep,dense_keep,dense_keep,0.3333333333333333,0.6666666666666666,0.6666666666666666,-0.333333333333,0.333333333333,0.0,0.0,0.333333333333,2,False,False,False
nfcorpus,PLAIN-2156,stevia,bm25_keep,dense_keep,bm25_keep,1.0,0.8333333333333333,1.0,0.166666666667,0.0,0.166666666667,0.0,0.166666666667,2,True,False,True
nfcorpus,PLAIN-2354,walnut oil,dense_keep,dense_keep,bm25_keep,0.5666666666666667,0.5666666666666667,0.9,0.0,0.333333333333,0.333333333333,0.0,0.333333333333,2,False,True,False
nfcorpus,PLAIN-2840,Benefits of Fenugreek Seeds,bm25_keep,dense_keep,bm25_keep,0.0,0.0,0.0,0.0,0.0,0.0,0.0,0.03,4,False,False,True
nfcorpus,PLAIN-1929,prenatal vitamins,dense_keep,dense_keep,dense_keep,0.7,0.7,0.7,0.0,0.0,0.0,0.0,0.7,2,False,True,True
nfcorpus,PLAIN-623,Atkins diet,bm25_keep,dense_keep,dense_keep,0.298780487804878,0.5487804878048781,0.5487804878048781,-0.25,0.25,0.0,0.0,0.28,2,False,False,False
nfcorpus,PLAIN-2870,Filled Full of Lead,dense_keep,dense_keep,bm25_keep,0.0,0.0,0.0,0.0,0.0,0.0,0.0,0.03,4,False,True,False
nfcorpus,PLAIN-3074,How to Help Prevent Abdominal Aortic Aneurysms,dense_keep,dense_keep,bm25_keep,1.5,1.5,1.5,0.0,0.0,0.0,0.0,0.03,4,False,True,False
nfcorpus,PLAIN-1805,Parkinson's disease,dense_keep,dense_keep,bm25_keep,0.5431034482758621,0.5431034482758621,0.5431034482758621,0.0,0.0,0.0,0.0,0.03,4,False,True,False
nfcorpus,PLAIN-2580,Academy of Nutrition and Dietetics Conflicts of Interest,bm25_keep,dense_keep,bm25_keep,0.5869565217391304,0.5869565217391304,0.5869565217391304,0.0,0.0,0.0,0.0,0.03,4,False,False,True
nfcorpus,PLAIN-761,breast pain,bm25_keyword,dense_keep,dense_keep,0.3333333333333333,0.4583333333333333,0.4583333333333333,-0.125,0.125,0.0,0.0,0.196666666667,2,False,False,False
nfcorpus,PLAIN-1088,ECMO,bm25_keep,dense_keep,bm25_keep,0.9,0.9,0.9,0.0,0.0,0.0,0.0,0.03,4,False,False,True
nfcorpus,PLAIN-1320,Harvard Physicians’ Study II,dense_keep,dense_keep,bm25_keep,0.0,0.0,0.5833333333333333,0.0,0.583333333333,0.583333333333,0.0,0.583333333333,2,False,True,False
nfcorpus,PLAIN-468,Is vitamin D3 (cholecalciferol) preferable to D2 (ergocalciferol)?,bm25_keyword,dense_keep,dense_keep,0.2,0.6,0.6,-0.4,0.4,0.0,0.03,0.405,1,False,False,False
nfcorpus,PLAIN-3442,The Healthiest Vegetables,dense_keep,dense_keep,bm25_keep,0.0,0.0,0.0,0.0,0.0,0.0,0.0,0.03,4,False,True,False
nfcorpus,PLAIN-966,cortisol,bm25_keep,dense_keep,bm25_keep,0.0,0.0,0.0,0.0,0.0,0.0,0.0,0.03,4,False,False,True
nfcorpus,PLAIN-407,Is annatto food coloring safe?,bm25_keyword,dense_keep,bm25_keep,0.8333333333333333,0.8333333333333333,0.8333333333333333,0.0,0.0,0.0,0.0,0.03,4,False,False,False
nfcorpus,PLAIN-1516,Lindane,bm25_keep,dense_keep,bm25_keep,0.0,0.0,0.0,0.0,0.0,0.0,0.0,0.03,4,False,False,True
nfcorpus,PLAIN-1193,flax oil,bm25_keyword,dense_keep,bm25_keep,0.0,0.0,0.0,0.0,0.0,0.0,0.0,0.03,4,False,False,False
nfcorpus,PLAIN-1995,red tea,dense_keep,dense_keep,bm25_keep,0.0,0.0,0.0,0.0,0.0,0.0,0.0,0.03,4,False,True,False
nfcorpus,PLAIN-2081,shelf life,bm25_keep,dense_keep,bm25_keep,1.5,0.0,1.5,1.5,0.0,1.5,0.0,1.5,2,True,False,True
nfcorpus,PLAIN-924,cocaine,bm25_keep,dense_keep,dense_keep,0.53125,0.625,0.625,-0.09375,0.09375,0.0,0.0,0.09375,2,False,False,False
nfcorpus,PLAIN-2051,saturated fat,dense_keep,dense_keep,bm25_keep,0.5112676056338028,0.5112676056338028,0.5112676056338028,0.0,0.0,0.0,0.0,0.03,4,False,True,False
nfcorpus,PLAIN-2540,Does Cholesterol Size Matter?,dense_keyword,dense_keep,dense_keep,0.5476190476190477,0.5952380952380952,0.5952380952380952,-0.047619047619,0.047619047619,0.0,0.03,0.047619047619,1,False,False,False
nfcorpus,PLAIN-3181,Is Dragon Fruit Good For You?,dense_keyword,dense_keep,bm25_keep,0.0,0.0,0.0,0.0,0.0,0.0,0.0,0.03,4,False,False,False
nfcorpus,PLAIN-3292,Are Multivitamins Good For You?,dense_keyword,dense_keep,bm25_keep,0.9285714285714286,0.9285714285714286,0.9285714285714286,0.0,0.0,0.0,0.0,0.172857142857,4,False,False,False
nfcorpus,PLAIN-571,anisakis,dense_keyword,dense_keep,bm25_keep,0.2678571428571428,0.2678571428571428,0.4523809523809523,0.0,0.184523809524,0.184523809524,0.0,0.214523809524,2,False,False,False
nfcorpus,PLAIN-3322,Veggies vs. Cancer,dense_keep,dense_keep,dense_keep,0.1793248945147679,0.1793248945147679,0.1793248945147679,0.0,0.0,0.0,0.0,0.209324894515,2,False,True,True
nfcorpus,PLAIN-2991,Cholesterol and Lower Back Pain,bm25_keep,dense_keep,dense_keep,0.6666666666666666,0.75,0.75,-0.083333333333,0.083333333333,0.0,0.0,0.113333333333,2,False,False,False
nfcorpus,PLAIN-1645,molasses,bm25_keep,dense_keep,bm25_keep,0.6666666666666666,0.0,0.6666666666666666,0.666666666667,0.0,0.666666666667,0.0,0.666666666667,2,True,False,True
nfcorpus,PLAIN-1299,growth promoters,bm25_keep,dense_keep,bm25_keep,0.5327868852459017,0.5163934426229508,0.5327868852459017,0.016393442623,0.0,0.016393442623,0.0,0.046393442623,2,True,False,True
nfcorpus,PLAIN-248,Treating an Enlarged Prostate With Diet,dense_keep,dense_keep,dense_keep,0.314516129032258,0.314516129032258,0.314516129032258,0.0,0.0,0.0,0.0,0.212258064516,2,False,True,True
nfcorpus,PLAIN-395,What about pepper plus turmeric in V8 juice?,dense_keep,dense_keep,bm25_keep,0.0,0.0,0.0,0.0,0.0,0.0,0.0,0.03,4,False,True,False
nfcorpus,PLAIN-1098,eggnog,dense_keyword,dense_keep,bm25_keep,0.0,0.0,0.0,0.0,0.0,0.0,0.0,0.03,4,False,False,False
nfcorpus,PLAIN-2040,salmon,dense_keyword,dense_keep,bm25_keep,0.5227272727272727,0.5227272727272727,0.5303030303030303,0.0,0.007575757576,0.007575757576,0.0,0.03,2,False,False,False
nfcorpus,PLAIN-1667,muscle health,dense_keyword,dense_keep,bm25_keep,0.5188679245283019,0.5188679245283019,0.5251572327044025,0.0,0.006289308176,0.006289308176,0.0,0.03,2,False,False,False
nfcorpus,PLAIN-457,How can you believe in any scientific study?,dense_keep,dense_keep,bm25_keep,0.0,0.0,0.0,0.0,0.0,0.0,0.0,0.03,4,False,True,False
nfcorpus,PLAIN-2124,spearmint,bm25_keep,dense_keep,dense_keep,0.6176470588235294,0.7352941176470589,0.7352941176470589,-0.117647058824,0.117647058824,0.0,0.0,0.117647058824,2,False,False,False
nfcorpus,PLAIN-701,black raspberries,bm25_keep,dense_keep,bm25_keep,0.75,0.625,0.75,0.125,0.0,0.125,0.0,0.155,2,True,False,True
nfcorpus,PLAIN-2960,Pharmacists Versus Health Food Store Employees: Who Gives Better Advice?,dense_keep,dense_keep,bm25_keep,0.0,0.0,0.625,0.0,0.625,0.625,0.0,0.625,2,False,True,False
nfcorpus,PLAIN-2570,Diabetics Should Take Their Pulses,dense_keep,dense_keep,bm25_keyword,0.275,0.275,0.525,0.0,0.25,0.25,0.03,0.363333333333,1,False,True,False
nfcorpus,PLAIN-238,How Chemically Contaminated Are We?,dense_keep,dense_keep,bm25_keep,0.0,0.0,0.0,0.0,0.0,0.0,0.0,0.03,4,False,True,False
nfcorpus,PLAIN-1506,leucine,bm25_keep,dense_keep,bm25_keep,0.5666666666666667,0.3166666666666666,0.5666666666666667,0.25,0.0,0.25,0.0,0.28,2,True,False,True
nfcorpus,PLAIN-1940,prolactin,bm25_keep,dense_keep,bm25_keep,0.6666666666666666,0.6666666666666666,0.6666666666666666,0.0,0.0,0.0,0.0,0.03,4,False,False,True
nfcorpus,PLAIN-2019,rickets,bm25_keep,dense_keep,bm25_keep,0.8333333333333333,0.0,0.8333333333333333,0.833333333333,0.0,0.833333333333,0.0,0.833333333333,2,True,False,True
nfcorpus,PLAIN-551,amnesia,dense_keyword,dense_keep,bm25_keep,0.0,0.0,0.0,0.0,0.0,0.0,0.0,0.03,4,False,False,False
nfcorpus,PLAIN-2134,Splenda,dense_keyword,dense_keep,bm25_keep,0.0,0.0,0.0,0.0,0.0,0.0,0.0,0.03,4,False,False,False
nfcorpus,PLAIN-3342,Is Coconut Milk Good For You?,bm25_keyword,dense_keep,bm25_keyword,1.1666666666666663,0.9166666666666666,1.1666666666666663,0.25,0.0,0.25,0.03,0.666666666667,1,True,False,True
nfcorpus,PLAIN-3412,Plant vs. Cow Calcium,dense_keep,dense_keep,dense_keep,0.5408163265306123,0.5408163265306123,0.5408163265306123,0.0,0.0,0.0,0.0,0.03,2,False,True,True
nfcorpus,PLAIN-1897,polypropylene plastic,bm25_keyword,dense_keep,bm25_keep,0.0,0.0,0.0,0.0,0.0,0.0,0.0,0.03,4,False,False,False
nfcorpus,PLAIN-1225,fructose,dense_keep,dense_keep,dense_keep,0.6111111111111112,0.6111111111111112,0.6111111111111112,0.0,0.0,0.0,0.0,0.287037037037,2,False,True,True
nfcorpus,PLAIN-882,Chernobyl,bm25_keep,dense_keep,dense_keep,0.6333333333333333,0.8333333333333333,0.8333333333333333,-0.2,0.2,0.0,0.0,0.2,2,False,False,False
nfcorpus,PLAIN-3231,Meat & Multiple Myeloma,dense_keep,dense_keep,dense_keep,0.225,0.225,0.225,0.0,0.0,0.0,0.225,0.255,1,False,True,True
nfcorpus,PLAIN-1919,poultry workers,bm25_keyword,dense_keep,bm25_keep,0.6851851851851851,0.6851851851851851,0.6851851851851851,0.0,0.0,0.0,0.0,0.03,4,False,False,False
nfcorpus,PLAIN-3372,The Healthiest Sweetener,bm25_keep,dense_keep,dense_keep,0.0,0.1964285714285714,0.1964285714285714,-0.196428571429,0.196428571429,0.0,0.0,0.226428571429,2,False,False,False
nfcorpus,PLAIN-902,chlorophyll,bm25_keep,dense_keep,bm25_keep,1.0,0.0,1.0,1.0,0.0,1.0,0.0,1.0,2,True,False,True
nfcorpus,PLAIN-33,What’s Driving America’s Obesity Problem?,dense_keep,dense_keep,hybrid_keyword,0.1979166666666666,0.1979166666666666,0.5325,0.0,0.334583333333,0.334583333333,0.00125,0.43125,1,False,True,False
nfcorpus,PLAIN-1579,mastitis,bm25_keep,dense_keep,bm25_keep,0.7,0.3666666666666667,0.7,0.333333333333,0.0,0.333333333333,0.0,0.333333333333,2,True,False,True
nfcorpus,PLAIN-2510,Coffee and Artery Function,dense_keep,dense_keep,bm25_keep,0.3369565217391304,0.3369565217391304,0.5869565217391304,0.0,0.25,0.25,0.0,0.28,2,False,True,False
